<PAMDataset>
  <SRS>PROJCS["WGS 84 / UTM zone 17S",GEOGCS["WGS 84",DATUM["WGS_1984",SPHEROID["WGS 84",6378137,298.2572201434283,AUTHORITY["EPSG","7030"]],AUTHORITY["EPSG","6326"]],PRIMEM["Greenwich",0],UNIT["degree",0.0174532925199433],AUTHORITY["EPSG","4326"]],PROJECTION["Transverse_Mercator"],PARAMETER["latitude_of_origin",0],PARAMETER["central_meridian",-81],PARAMETER["scale_factor",0.9996],PARAMETER["false_easting",500000],PARAMETER["false_northing",1e+07],UNIT["metre",1,AUTHORITY["EPSG","9001"]],AUTHORITY["EPSG","32717"]]</SRS>
  <Metadata>
    <MDI key="AREA_OR_POINT">Area</MDI>
    <MDI key="TIFFTAG_RESOLUTIONUNIT">1 (unitless)</MDI>
    <MDI key="TIFFTAG_XRESOLUTION">1</MDI>
    <MDI key="TIFFTAG_YRESOLUTION">1</MDI>
  </Metadata>
  <PAMRasterBand band="1">
    <NoDataValue>0.00000000000000E+00</NoDataValue>
    <Metadata domain="IMAGE_STRUCTURE">
      <MDI key="COMPRESSION">JPEG</MDI>
    </Metadata>
  </PAMRasterBand>
</PAMDataset>
