"Date Time, GMT-05:00","Abs Pres, kPa (LGR S/N: 20968507, SEN S/N: 20968507)","Temp, °C (LGR S/N: 20968507, SEN S/N: 20968507)",,,,
6/9/2021 14:00,63.459,10.161,,,,
6/9/2021 14:15,63.461,10.259,,,,
6/9/2021 14:30,63.439,10.357,,,,
6/9/2021 14:45,63.414,10.357,,,,
6/9/2021 15:00,63.39,10.357,,,,
6/9/2021 15:15,63.392,10.455,,,,
6/9/2021 15:30,63.382,10.553,,,,
6/9/2021 15:45,63.37,10.553,,,,
6/9/2021 16:00,63.38,10.455,,,,
6/9/2021 16:15,63.341,10.357,,,,
6/9/2021 16:30,63.341,10.357,,,,
6/9/2021 16:45,63.351,10.259,,,,
6/9/2021 17:00,63.336,10.161,,,,
6/9/2021 17:15,63.334,10.063,,,,
6/9/2021 17:30,63.344,9.965,,,,
6/9/2021 17:45,63.351,9.768,,,,
6/9/2021 18:00,63.344,9.472,,,,
6/9/2021 18:15,63.364,9.275,,,,
6/9/2021 18:30,63.371,9.077,,,,
6/9/2021 18:45,63.367,8.879,,,,
6/9/2021 19:00,63.374,8.68,,,,
6/9/2021 19:15,63.394,8.481,,,,
6/9/2021 19:30,63.389,8.282,,,,
6/9/2021 19:45,63.399,8.182,,,,
6/9/2021 20:00,63.43,7.983,,,,
6/9/2021 20:15,63.465,7.882,,,,
6/9/2021 20:30,63.438,7.782,,,,
6/9/2021 20:45,63.448,7.682,,,,
6/9/2021 21:00,63.455,7.481,,,,
6/9/2021 21:15,63.455,7.481,,,,
6/9/2021 21:30,63.465,7.381,,,,
6/9/2021 21:45,63.499,7.28,,,,
6/9/2021 22:00,63.46,7.179,,,,
6/9/2021 22:15,63.482,7.079,,,,
6/9/2021 22:30,63.469,7.079,,,,
6/9/2021 22:45,63.482,7.079,,,,
6/9/2021 23:00,63.479,6.978,,,,
6/9/2021 23:15,63.467,6.978,,,,
6/9/2021 23:30,63.479,6.978,,,,
6/9/2021 23:45,63.452,6.877,,,,
6/10/2021 0:00,63.44,6.877,,,,
6/10/2021 0:15,63.452,6.877,,,,
6/10/2021 0:30,63.428,6.877,,,,
6/10/2021 0:45,63.44,6.877,,,,
6/10/2021 1:00,63.415,6.877,,,,
6/10/2021 1:15,63.425,6.775,,,,
6/10/2021 1:30,63.413,6.775,,,,
6/10/2021 1:45,63.376,6.775,,,,
6/10/2021 2:00,63.362,6.674,,,,
6/10/2021 2:15,63.349,6.674,,,,
6/10/2021 2:30,63.335,6.573,,,,
6/10/2021 2:45,63.322,6.573,,,,
6/10/2021 3:00,63.335,6.573,,,,
6/10/2021 3:15,63.32,6.471,,,,
6/10/2021 3:30,63.332,6.471,,,,
6/10/2021 3:45,63.295,6.471,,,,
6/10/2021 4:00,63.295,6.471,,,,
6/10/2021 4:15,63.317,6.37,,,,
6/10/2021 4:30,63.317,6.37,,,,
6/10/2021 4:45,63.295,6.471,,,,
6/10/2021 5:00,63.295,6.471,,,,
6/10/2021 5:15,63.308,6.471,,,,
6/10/2021 5:30,63.317,6.37,,,,
6/10/2021 5:45,63.354,6.37,,,,
6/10/2021 6:00,63.351,6.268,,,,
6/10/2021 6:15,63.351,6.268,,,,
6/10/2021 6:30,63.378,6.37,,,,
6/10/2021 6:45,63.391,6.37,,,,
6/10/2021 7:00,63.4,6.268,,,,
6/10/2021 7:15,63.413,6.268,,,,
6/10/2021 7:30,63.437,6.268,,,,
6/10/2021 7:45,63.425,6.268,,,,
6/10/2021 8:00,63.44,6.37,,,,
6/10/2021 8:15,63.418,6.471,,,,
6/10/2021 8:30,63.459,6.674,,,,
6/10/2021 8:45,63.452,6.877,,,,
6/10/2021 9:00,63.457,7.079,,,,
6/10/2021 9:15,63.474,7.28,,,,
6/10/2021 9:30,63.479,7.481,,,,
6/10/2021 9:45,63.475,7.782,,,,
6/10/2021 10:00,63.501,7.882,,,,
6/10/2021 10:15,63.492,7.983,,,,
6/10/2021 10:30,63.497,8.182,,,,
6/10/2021 10:45,63.501,8.382,,,,
6/10/2021 11:00,63.487,8.779,,,,
6/10/2021 11:15,63.511,9.275,,,,
6/10/2021 11:30,63.513,9.866,,,,
6/10/2021 11:45,63.498,10.259,,,,
6/10/2021 12:00,63.503,10.455,,,,
6/10/2021 12:15,63.498,10.259,,,,
6/10/2021 12:30,63.486,10.259,,,,
6/10/2021 12:45,63.463,10.357,,,,
6/10/2021 13:00,63.468,10.553,,,,
6/10/2021 13:15,63.461,10.748,,,,
6/10/2021 13:30,63.451,10.846,,,,
6/10/2021 13:45,63.451,10.846,,,,
6/10/2021 14:00,63.409,10.651,,,,
6/10/2021 14:15,63.37,10.553,,,,
6/10/2021 14:30,63.358,10.553,,,,
6/10/2021 14:45,63.333,10.553,,,,
6/10/2021 15:00,63.336,10.651,,,,
6/10/2021 15:15,63.333,10.553,,,,
6/10/2021 15:30,63.331,10.455,,,,
6/10/2021 15:45,63.304,10.357,,,,
6/10/2021 16:00,63.275,10.161,,,,
6/10/2021 16:15,63.149,11.041,Logged,,,
6/10/2021 16:30,63.179,10.259,,,,
6/10/2021 16:45,63.185,9.965,Logged,,,
6/10/2021 17:00,63.192,9.768,,Logged,,
6/10/2021 17:15,63.19,9.669,,,Logged,Logged
6/10/2021 17:30,63.185,9.472,,,,
6/10/2021 17:45,63.207,9.373,,,,
6/10/2021 18:00,63.227,9.176,,,,
6/10/2021 18:15,63.212,9.077,,,,
6/10/2021 18:30,63.222,8.978,,,,
6/10/2021 18:45,63.244,8.879,,,,
6/10/2021 19:00,63.254,8.779,,,,
6/10/2021 19:15,63.276,8.68,,,,
6/10/2021 19:30,63.261,8.581,,,,
6/10/2021 19:45,63.296,8.481,,,,
6/10/2021 20:00,63.296,8.481,,,,
6/10/2021 20:15,63.293,8.382,,,,
6/10/2021 20:30,63.318,8.382,,,,
6/10/2021 20:45,63.303,8.282,,,,
6/10/2021 21:00,63.328,8.282,,,,
6/10/2021 21:15,63.362,8.182,,,,
6/10/2021 21:30,63.325,8.182,,,,
6/10/2021 21:45,63.325,8.182,,,,
6/10/2021 22:00,63.335,8.082,,,,
6/10/2021 22:15,63.335,8.082,,,,
6/10/2021 22:30,63.347,8.082,,,,
6/10/2021 22:45,63.345,7.983,,,,
6/10/2021 23:00,63.328,7.782,,,,
6/10/2021 23:15,63.315,7.782,,,,
6/10/2021 23:30,63.288,7.682,,,,
6/10/2021 23:45,63.301,7.682,,,,
6/11/2021 0:00,63.286,7.582,,,,
6/11/2021 0:15,63.286,7.582,,,,
6/11/2021 0:30,63.281,7.381,,,,
6/11/2021 0:45,63.266,7.28,,,,
6/11/2021 1:00,63.266,7.28,,,,
6/11/2021 1:15,63.242,7.28,,,,
6/11/2021 1:30,63.239,7.179,,,,
6/11/2021 1:45,63.239,7.179,,,,
6/11/2021 2:00,63.252,7.179,,,,
6/11/2021 2:15,63.239,7.179,,,,
6/11/2021 2:30,63.227,7.179,,,,
6/11/2021 2:45,63.237,7.079,,,,
6/11/2021 3:00,63.212,7.079,,,,
6/11/2021 3:15,63.188,7.079,,,,
6/11/2021 3:30,63.161,6.978,,,,
6/11/2021 3:45,63.124,6.978,,,,
6/11/2021 4:00,63.137,6.978,,,,
6/11/2021 4:15,63.149,6.978,,,,
6/11/2021 4:30,63.149,6.978,,,,
6/11/2021 4:45,63.137,6.978,,,,
6/11/2021 5:00,63.149,6.978,,,,
6/11/2021 5:15,63.158,6.877,,,,
6/11/2021 5:30,63.122,6.877,,,,
6/11/2021 5:45,63.134,6.877,,,,
6/11/2021 6:00,63.144,6.775,,,,
6/11/2021 6:15,63.144,6.775,,,,
6/11/2021 6:30,63.144,6.775,,,,
6/11/2021 6:45,63.193,6.775,,,,
6/11/2021 7:00,63.205,6.775,,,,
6/11/2021 7:15,63.205,6.775,,,,
6/11/2021 7:30,63.22,6.877,,,,
6/11/2021 7:45,63.247,6.978,,,,
6/11/2021 8:00,63.274,7.079,,,,
6/11/2021 8:15,63.249,7.079,,,,
6/11/2021 8:30,63.286,7.079,,,,
6/11/2021 8:45,63.274,7.079,,,,
6/11/2021 9:00,63.252,7.179,,,,
6/11/2021 9:15,63.288,7.179,,,,
6/11/2021 9:30,63.288,7.179,,,,
6/11/2021 9:45,63.325,7.179,,,,
6/11/2021 10:00,63.325,7.179,,,,
6/11/2021 10:15,63.301,7.179,,,,
6/11/2021 10:30,63.318,7.381,,,,
6/11/2021 10:45,63.296,7.481,,,,
6/11/2021 11:00,63.274,7.582,,,,
6/11/2021 11:15,63.291,7.782,,,,
6/9/2021 14:00,63.459,10.161,,,,
6/9/2021 14:15,63.461,10.259,,,,
6/9/2021 14:30,63.439,10.357,,,,
6/9/2021 14:45,63.414,10.357,,,,
6/9/2021 15:00,63.39,10.357,,,,
6/9/2021 15:15,63.392,10.455,,,,
6/9/2021 15:30,63.382,10.553,,,,
6/9/2021 15:45,63.37,10.553,,,,
6/9/2021 16:00,63.38,10.455,,,,
6/9/2021 16:15,63.341,10.357,,,,
6/9/2021 16:30,63.341,10.357,,,,
6/9/2021 16:45,63.351,10.259,,,,
6/9/2021 17:00,63.336,10.161,,,,
6/9/2021 17:15,63.334,10.063,,,,
6/9/2021 17:30,63.344,9.965,,,,
6/9/2021 17:45,63.351,9.768,,,,
6/9/2021 18:00,63.344,9.472,,,,
6/9/2021 18:15,63.364,9.275,,,,
6/9/2021 18:30,63.371,9.077,,,,
6/9/2021 18:45,63.367,8.879,,,,
6/9/2021 19:00,63.374,8.68,,,,
6/9/2021 19:15,63.394,8.481,,,,
6/9/2021 19:30,63.389,8.282,,,,
6/9/2021 19:45,63.399,8.182,,,,
6/9/2021 20:00,63.43,7.983,,,,
6/9/2021 20:15,63.465,7.882,,,,
6/9/2021 20:30,63.438,7.782,,,,
6/9/2021 20:45,63.448,7.682,,,,
6/9/2021 21:00,63.455,7.481,,,,
6/9/2021 21:15,63.455,7.481,,,,
6/9/2021 21:30,63.465,7.381,,,,
6/9/2021 21:45,63.499,7.28,,,,
6/9/2021 22:00,63.46,7.179,,,,
6/9/2021 22:15,63.482,7.079,,,,
6/9/2021 22:30,63.469,7.079,,,,
6/9/2021 22:45,63.482,7.079,,,,
6/9/2021 23:00,63.479,6.978,,,,
6/9/2021 23:15,63.467,6.978,,,,
6/9/2021 23:30,63.479,6.978,,,,
6/9/2021 23:45,63.452,6.877,,,,
6/10/2021 0:00,63.44,6.877,,,,
6/10/2021 0:15,63.452,6.877,,,,
6/10/2021 0:30,63.428,6.877,,,,
6/10/2021 0:45,63.44,6.877,,,,
6/10/2021 1:00,63.415,6.877,,,,
6/10/2021 1:15,63.425,6.775,,,,
6/10/2021 1:30,63.413,6.775,,,,
6/10/2021 1:45,63.376,6.775,,,,
6/10/2021 2:00,63.362,6.674,,,,
6/10/2021 2:15,63.349,6.674,,,,
6/10/2021 2:30,63.335,6.573,,,,
6/10/2021 2:45,63.322,6.573,,,,
6/10/2021 3:00,63.335,6.573,,,,
6/10/2021 3:15,63.32,6.471,,,,
6/10/2021 3:30,63.332,6.471,,,,
6/10/2021 3:45,63.295,6.471,,,,
6/10/2021 4:00,63.295,6.471,,,,
6/10/2021 4:15,63.317,6.37,,,,
6/10/2021 4:30,63.317,6.37,,,,
6/10/2021 4:45,63.295,6.471,,,,
6/10/2021 5:00,63.295,6.471,,,,
6/10/2021 5:15,63.308,6.471,,,,
6/10/2021 5:30,63.317,6.37,,,,
6/10/2021 5:45,63.354,6.37,,,,
6/10/2021 6:00,63.351,6.268,,,,
6/10/2021 6:15,63.351,6.268,,,,
6/10/2021 6:30,63.378,6.37,,,,
6/10/2021 6:45,63.391,6.37,,,,
6/10/2021 7:00,63.4,6.268,,,,
6/10/2021 7:15,63.413,6.268,,,,
6/10/2021 7:30,63.437,6.268,,,,
6/10/2021 7:45,63.425,6.268,,,,
6/10/2021 8:00,63.44,6.37,,,,
6/10/2021 8:15,63.418,6.471,,,,
6/10/2021 8:30,63.459,6.674,,,,
6/10/2021 8:45,63.452,6.877,,,,
6/10/2021 9:00,63.457,7.079,,,,
6/10/2021 9:15,63.474,7.28,,,,
6/10/2021 9:30,63.479,7.481,,,,
6/10/2021 9:45,63.475,7.782,,,,
6/10/2021 10:00,63.501,7.882,,,,
6/10/2021 10:15,63.492,7.983,,,,
6/10/2021 10:30,63.497,8.182,,,,
6/10/2021 10:45,63.501,8.382,,,,
6/10/2021 11:00,63.487,8.779,,,,
6/10/2021 11:15,63.511,9.275,,,,
6/10/2021 11:30,63.513,9.866,,,,
6/10/2021 11:45,63.498,10.259,,,,
6/10/2021 12:00,63.503,10.455,,,,
6/10/2021 12:15,63.498,10.259,,,,
6/10/2021 12:30,63.486,10.259,,,,
6/10/2021 12:45,63.463,10.357,,,,
6/10/2021 13:00,63.468,10.553,,,,
6/10/2021 13:15,63.461,10.748,,,,
6/10/2021 13:30,63.451,10.846,,,,
6/10/2021 13:45,63.451,10.846,,,,
6/10/2021 14:00,63.409,10.651,,,,
6/10/2021 14:15,63.37,10.553,,,,
6/10/2021 14:30,63.358,10.553,,,,
6/10/2021 14:45,63.333,10.553,,,,
6/10/2021 15:00,63.336,10.651,,,,
6/10/2021 15:15,63.333,10.553,,,,
6/10/2021 15:30,63.331,10.455,,,,
6/10/2021 15:45,63.304,10.357,,,,
6/10/2021 16:00,63.275,10.161,,,,
6/10/2021 16:15,63.149,11.041,,,,
6/10/2021 16:30,63.179,10.259,,,,
6/10/2021 16:45,63.185,9.965,,,,
6/10/2021 17:00,63.192,9.768,,,,
6/10/2021 17:15,63.19,9.669,,,,
6/10/2021 17:30,63.185,9.472,,,,
6/10/2021 17:45,63.207,9.373,,,,
6/10/2021 18:00,63.227,9.176,,,,
6/10/2021 18:15,63.212,9.077,,,,
6/10/2021 18:30,63.222,8.978,,,,
6/10/2021 18:45,63.244,8.879,,,,
6/10/2021 19:00,63.254,8.779,,,,
6/10/2021 19:15,63.276,8.68,,,,
6/10/2021 19:30,63.261,8.581,,,,
6/10/2021 19:45,63.296,8.481,,,,
6/10/2021 20:00,63.296,8.481,,,,
6/10/2021 20:15,63.293,8.382,,,,
6/10/2021 20:30,63.318,8.382,,,,
6/10/2021 20:45,63.303,8.282,,,,
6/10/2021 21:00,63.328,8.282,,,,
6/10/2021 21:15,63.362,8.182,,,,
6/10/2021 21:30,63.325,8.182,,,,
6/10/2021 21:45,63.325,8.182,,,,
6/10/2021 22:00,63.335,8.082,,,,
6/10/2021 22:15,63.335,8.082,,,,
6/10/2021 22:30,63.347,8.082,,,,
6/10/2021 22:45,63.345,7.983,,,,
6/10/2021 23:00,63.328,7.782,,,,
6/10/2021 23:15,63.315,7.782,,,,
6/10/2021 23:30,63.288,7.682,,,,
6/10/2021 23:45,63.301,7.682,,,,
6/11/2021 0:00,63.286,7.582,,,,
6/11/2021 0:15,63.286,7.582,,,,
6/11/2021 0:30,63.281,7.381,,,,
6/11/2021 0:45,63.266,7.28,,,,
6/11/2021 1:00,63.266,7.28,,,,
6/11/2021 1:15,63.242,7.28,,,,
6/11/2021 1:30,63.239,7.179,,,,
6/11/2021 1:45,63.239,7.179,,,,
6/11/2021 2:00,63.252,7.179,,,,
6/11/2021 2:15,63.239,7.179,,,,
6/11/2021 2:30,63.227,7.179,,,,
6/11/2021 2:45,63.237,7.079,,,,
6/11/2021 3:00,63.212,7.079,,,,
6/11/2021 3:15,63.188,7.079,,,,
6/11/2021 3:30,63.161,6.978,,,,
6/11/2021 3:45,63.124,6.978,,,,
6/11/2021 4:00,63.137,6.978,,,,
6/11/2021 4:15,63.149,6.978,,,,
6/11/2021 4:30,63.149,6.978,,,,
6/11/2021 4:45,63.137,6.978,,,,
6/11/2021 5:00,63.149,6.978,,,,
6/11/2021 5:15,63.158,6.877,,,,
6/11/2021 5:30,63.122,6.877,,,,
6/11/2021 5:45,63.134,6.877,,,,
6/11/2021 6:00,63.144,6.775,,,,
6/11/2021 6:15,63.144,6.775,,,,
6/11/2021 6:30,63.144,6.775,,,,
6/11/2021 6:45,63.193,6.775,,,,
6/11/2021 7:00,63.205,6.775,,,,
6/11/2021 7:15,63.205,6.775,,,,
6/11/2021 7:30,63.22,6.877,,,,
6/11/2021 7:45,63.247,6.978,,,,
6/11/2021 8:00,63.274,7.079,,,,
6/11/2021 8:15,63.249,7.079,,,,
6/11/2021 8:30,63.286,7.079,,,,
6/11/2021 8:45,63.274,7.079,,,,
6/11/2021 9:00,63.252,7.179,,,,
6/11/2021 9:15,63.288,7.179,,,,
6/11/2021 9:30,63.288,7.179,,,,
6/11/2021 9:45,63.325,7.179,,,,
6/11/2021 10:00,63.325,7.179,,,,
6/11/2021 10:15,63.301,7.179,,,,
6/11/2021 10:30,63.318,7.381,,,,
6/11/2021 10:45,63.296,7.481,,,,
6/11/2021 11:00,63.274,7.582,,,,
6/11/2021 11:15,63.291,7.782,,,,
6/11/2021 11:45,63.318,8.879,,,,
6/11/2021 12:00,63.306,8.382,,,,
6/11/2021 12:15,63.291,8.282,,,,
6/11/2021 12:30,63.279,8.282,,,,
6/11/2021 12:45,63.281,8.382,,,,
6/11/2021 13:00,63.269,8.382,,,,
6/11/2021 13:15,63.269,8.382,,,,
6/11/2021 13:30,63.271,8.481,,,,
6/11/2021 13:45,63.259,8.481,,,,
6/11/2021 14:00,63.237,8.581,,,,
6/11/2021 14:15,63.215,8.68,,,,
6/11/2021 14:30,63.217,8.779,,,,
6/11/2021 14:45,63.207,8.879,,,,
6/11/2021 15:00,63.198,8.978,,,,
6/11/2021 15:15,63.188,9.077,,,,
6/11/2021 15:30,63.153,9.176,,,,
6/11/2021 15:45,63.166,9.176,,,,
6/11/2021 16:00,63.188,9.077,,,,
6/11/2021 16:15,63.173,8.978,,,,
6/11/2021 16:30,63.181,8.779,,,,
6/11/2021 16:45,63.166,8.68,,,,
6/11/2021 17:00,63.163,8.581,,,,
6/11/2021 17:15,63.186,8.481,,,,
6/11/2021 17:30,63.195,8.382,,,,
6/11/2021 17:45,63.181,8.282,,,,
6/11/2021 18:00,63.191,8.182,,,,
6/11/2021 18:15,63.188,8.082,,,,
6/11/2021 18:30,63.198,7.983,,,,
6/11/2021 18:45,63.22,7.882,,,,
6/11/2021 19:00,63.257,7.882,,,,
6/11/2021 19:15,63.266,7.782,,,,
6/11/2021 19:30,63.266,7.782,,,,
6/11/2021 19:45,63.303,7.782,,,,
6/11/2021 20:00,63.313,7.682,,,,
6/11/2021 20:15,63.313,7.682,,,,
6/11/2021 20:30,63.325,7.682,,,,
6/11/2021 20:45,63.335,7.582,,,,
6/11/2021 21:00,63.323,7.582,,,,
6/11/2021 21:15,63.359,7.582,,,,
6/11/2021 21:30,63.345,7.481,,,,
6/11/2021 21:45,63.345,7.481,,,,
6/11/2021 22:00,63.357,7.481,,,,
6/11/2021 22:15,63.354,7.381,,,,
6/11/2021 22:30,63.342,7.381,,,,
6/11/2021 22:45,63.367,7.381,,,,
6/11/2021 23:00,63.354,7.381,,,,
6/11/2021 23:15,63.352,7.28,,,,
6/11/2021 23:30,63.352,7.28,,,,
6/11/2021 23:45,63.325,7.179,,,,
6/12/2021 0:00,63.335,7.079,,,,
6/12/2021 0:15,63.323,7.079,,,,
6/12/2021 0:30,63.323,7.079,,,,
6/12/2021 0:45,63.298,7.079,,,,
6/12/2021 1:00,63.274,7.079,,,,
6/12/2021 1:15,63.249,7.079,,,,
6/12/2021 1:30,63.249,7.079,,,,
6/12/2021 1:45,63.222,6.978,,,,
6/12/2021 2:00,63.21,6.978,,,,
6/12/2021 2:15,63.222,6.978,,,,
6/12/2021 2:30,63.173,6.978,,,,
6/12/2021 2:45,63.198,6.978,,,,
6/12/2021 3:00,63.171,6.877,,,,
6/12/2021 3:15,63.171,6.877,,,,
6/12/2021 3:30,63.183,6.877,,,,
6/12/2021 3:45,63.171,6.877,,,,
6/12/2021 4:00,63.161,6.978,,,,
6/12/2021 4:15,63.149,6.978,,,,
6/12/2021 4:30,63.158,6.877,,,,
6/12/2021 4:45,63.158,6.877,,,,
6/12/2021 5:00,63.171,6.877,,,,
6/12/2021 5:15,63.158,6.877,,,,
6/12/2021 5:30,63.171,6.877,,,,
6/12/2021 5:45,63.18,6.775,,,,
6/12/2021 6:00,63.168,6.775,,,,
6/12/2021 6:15,63.193,6.775,,,,
6/12/2021 6:30,63.217,6.775,,,,
6/12/2021 6:45,63.217,6.775,,,,
6/12/2021 7:00,63.229,6.775,,,,
6/12/2021 7:15,63.266,6.775,,,,
6/12/2021 7:30,63.278,6.775,,,,
6/12/2021 7:45,63.281,6.877,,,,
6/12/2021 8:00,63.281,6.877,,,,
6/12/2021 8:15,63.296,6.978,,,,
6/12/2021 8:30,63.308,6.978,,,,
6/12/2021 8:45,63.298,7.079,,,,
6/12/2021 9:00,63.323,7.079,,,,
6/12/2021 9:15,63.313,7.179,,,,
6/12/2021 9:30,63.33,7.381,,,,
6/12/2021 9:45,63.332,7.481,,,,
6/12/2021 10:00,63.335,7.582,,,,
6/12/2021 10:15,63.337,7.682,,,,
6/12/2021 10:30,63.313,7.682,,,,
6/12/2021 10:45,63.325,7.682,,,,
6/12/2021 11:00,63.337,7.682,,,,
6/12/2021 11:15,63.318,7.882,,,,
6/12/2021 11:30,63.308,7.983,,,,
6/12/2021 11:45,63.308,7.983,,,,
6/12/2021 12:00,63.298,8.082,,,,
6/12/2021 12:15,63.288,8.182,,,,
6/12/2021 12:30,63.281,8.382,,,,
6/12/2021 12:45,63.269,8.382,,,,
6/12/2021 13:00,63.259,8.481,,,,
6/12/2021 13:15,63.232,8.879,,,,
6/12/2021 13:30,63.241,9.275,,,,
6/12/2021 13:45,63.205,9.275,,,,
6/12/2021 14:00,63.205,9.275,,,,
6/12/2021 14:15,63.207,9.373,,,,
6/12/2021 14:30,63.183,9.373,,,,
6/12/2021 14:45,63.173,9.472,,,,
6/12/2021 15:00,63.148,9.472,,,,
6/12/2021 15:15,63.148,9.472,,,,
6/12/2021 15:30,63.136,9.472,,,,
6/12/2021 15:45,63.146,9.373,,,,
6/12/2021 16:00,63.131,9.275,,,,
6/12/2021 16:15,63.107,9.275,,,,
6/12/2021 16:30,63.119,9.275,,,,
6/12/2021 16:45,63.117,9.176,,,,
6/12/2021 17:00,63.141,9.176,,,,
6/12/2021 17:15,63.151,9.077,,,,
6/12/2021 17:30,63.161,8.978,,,,
6/12/2021 17:45,63.181,8.779,,,,
6/12/2021 18:00,63.154,8.68,,,,
6/12/2021 18:15,63.149,8.481,,,,
6/12/2021 18:30,63.171,8.382,,,,
6/12/2021 18:45,63.193,8.282,,,,
6/12/2021 19:00,63.191,8.182,,,,
6/12/2021 19:15,63.203,8.182,,,,
6/12/2021 19:30,63.188,8.082,,,,
6/12/2021 19:45,63.222,7.983,,,,
6/12/2021 20:00,63.222,7.983,,,,
6/12/2021 20:15,63.232,7.882,,,,
6/12/2021 20:30,63.242,7.782,,,,
6/12/2021 20:45,63.266,7.782,,,,
6/12/2021 21:00,63.264,7.682,,,,
6/12/2021 21:15,63.276,7.682,,,,
6/12/2021 21:30,63.276,7.682,,,,
6/12/2021 21:45,63.301,7.682,,,,
6/12/2021 22:00,63.262,7.582,,,,
6/12/2021 22:15,63.262,7.582,,,,
6/12/2021 22:30,63.296,7.481,,,,
6/12/2021 22:45,63.284,7.481,,,,
6/12/2021 23:00,63.284,7.481,,,,
6/12/2021 23:15,63.308,7.481,,,,
6/12/2021 23:30,63.318,7.381,,,,
6/12/2021 23:45,63.281,7.381,,,,
6/13/2021 0:00,63.293,7.381,,,,
6/13/2021 0:15,63.306,7.381,,,,
6/13/2021 0:30,63.279,7.28,,,,
6/13/2021 0:45,63.279,7.28,,,,
6/13/2021 1:00,63.291,7.28,,,,
6/13/2021 1:15,63.315,7.28,,,,
6/13/2021 1:30,63.328,7.28,,,,
6/13/2021 1:45,63.315,7.28,,,,
6/13/2021 2:00,63.337,7.179,,,,
6/13/2021 2:15,63.337,7.179,,,,
6/13/2021 2:30,63.335,7.079,,,,
6/13/2021 2:45,63.372,7.079,,,,
6/13/2021 3:00,63.369,6.978,,,,
6/13/2021 3:15,63.403,6.877,,,,
6/13/2021 3:30,63.403,6.877,,,,
6/13/2021 3:45,63.401,6.775,,,,
6/13/2021 4:00,63.423,6.674,,,,
6/13/2021 4:15,63.408,6.573,,,,
6/13/2021 4:30,63.442,6.471,,,,
6/13/2021 4:45,63.415,6.37,,,,
6/13/2021 5:00,63.427,6.37,,,,
6/13/2021 5:15,63.44,6.37,,,,
6/13/2021 5:30,63.44,6.37,,,,
6/13/2021 5:45,63.464,6.37,,,,
6/13/2021 6:00,63.489,6.37,,,,
6/13/2021 6:15,63.501,6.37,,,,
6/13/2021 6:30,63.525,6.37,,,,
6/13/2021 6:45,63.537,6.37,,,,
6/13/2021 7:00,63.55,6.37,,,,
6/13/2021 7:15,63.562,6.37,,,,
6/13/2021 7:30,63.574,6.37,,,,
6/13/2021 7:45,63.586,6.37,,,,
6/13/2021 8:00,63.638,6.471,,,,
6/13/2021 8:15,63.626,6.471,,,,
6/13/2021 8:30,63.653,6.573,,,,
6/13/2021 8:45,63.677,6.573,,,,
6/13/2021 9:00,63.68,6.674,,,,
6/13/2021 9:15,63.716,6.674,,,,
6/13/2021 9:30,63.719,6.775,,,,
6/13/2021 9:45,63.709,6.877,,,,
6/13/2021 10:00,63.712,6.978,,,,
6/13/2021 10:15,63.726,7.079,,,,
6/13/2021 10:30,63.717,7.179,,,,
6/13/2021 10:45,63.682,7.28,,,,
6/13/2021 11:00,63.675,7.481,,,,
6/13/2021 11:15,63.68,7.682,,,,
6/13/2021 11:30,63.67,7.782,,,,
6/13/2021 11:45,63.651,7.983,,,,
6/13/2021 12:00,63.619,8.182,,,,
6/13/2021 12:15,63.602,8.481,,,,
6/13/2021 12:30,63.572,8.779,,,,
6/13/2021 12:45,63.582,9.176,,,,
6/13/2021 13:00,63.562,9.373,,,,
6/13/2021 13:15,63.567,9.571,,,,
6/13/2021 13:30,63.584,9.768,,,,
6/13/2021 13:45,63.528,9.965,,,,
6/13/2021 14:00,63.505,10.063,,,,
6/13/2021 14:15,63.508,10.161,,,,
6/13/2021 14:30,63.476,10.357,,,,
6/13/2021 14:45,63.476,10.357,,,,
6/13/2021 15:00,63.424,10.259,,,,
6/13/2021 15:15,63.449,10.259,,,,
6/13/2021 15:30,63.449,10.259,,,,
6/13/2021 15:45,63.447,10.161,,,,
6/13/2021 16:00,63.456,10.063,,,,
6/13/2021 16:15,63.427,9.866,,,,
6/13/2021 16:30,63.415,9.866,,,,
6/13/2021 16:45,63.425,9.768,,,,
6/13/2021 17:00,63.435,9.669,,,,
6/13/2021 17:15,63.42,9.571,,,,
6/13/2021 17:30,63.454,9.472,,,,
6/13/2021 17:45,63.428,9.373,,,,
6/13/2021 18:00,63.44,9.373,,,,
6/13/2021 18:15,63.437,9.275,,,,
6/13/2021 18:30,63.447,9.176,,,,
6/13/2021 18:45,63.445,9.077,,,,
6/13/2021 19:00,63.442,8.978,,,,
6/13/2021 19:15,63.477,8.879,,,,
6/13/2021 19:30,63.452,8.879,,,,
6/13/2021 19:45,63.462,8.779,,,,
6/13/2021 20:00,63.487,8.779,,,,
6/13/2021 20:15,63.472,8.68,,,,
6/13/2021 20:30,63.494,8.581,,,,
6/13/2021 20:45,63.506,8.581,,,,
6/13/2021 21:00,63.494,8.581,,,,
6/13/2021 21:15,63.492,8.481,,,,
6/13/2021 21:30,63.479,8.481,,,,
6/13/2021 21:45,63.501,8.382,,,,
6/13/2021 22:00,63.501,8.382,,,,
6/13/2021 22:15,63.487,8.282,,,,
6/13/2021 22:30,63.511,8.282,,,,
6/13/2021 22:45,63.509,8.182,,,,
6/13/2021 23:00,63.509,8.182,,,,
6/13/2021 23:15,63.509,8.182,,,,
6/13/2021 23:30,63.519,8.082,,,,
6/13/2021 23:45,63.494,8.082,,,,
6/14/2021 0:00,63.494,8.082,,,,
6/14/2021 0:15,63.479,7.983,,,,
6/14/2021 0:30,63.455,7.983,,,,
6/14/2021 0:45,63.443,7.983,,,,
6/14/2021 1:00,63.428,7.882,,,,
6/14/2021 1:15,63.428,7.882,,,,
6/14/2021 1:30,63.416,7.882,,,,
6/14/2021 1:45,63.404,7.882,,,,
6/14/2021 2:00,63.389,7.782,,,,
6/14/2021 2:15,63.352,7.782,,,,
6/14/2021 2:30,63.34,7.782,,,,
6/14/2021 2:45,63.337,7.682,,,,
6/14/2021 3:00,63.313,7.682,,,,
6/14/2021 3:15,63.313,7.682,,,,
6/14/2021 3:30,63.313,7.682,,,,
6/14/2021 3:45,63.31,7.582,,,,
6/14/2021 4:00,63.298,7.582,,,,
6/14/2021 4:15,63.31,7.582,,,,
6/14/2021 4:30,63.31,7.582,,,,
6/14/2021 4:45,63.31,7.582,,,,
6/14/2021 5:00,63.296,7.481,,,,
6/14/2021 5:15,63.332,7.481,,,,
6/14/2021 5:30,63.32,7.481,,,,
6/14/2021 5:45,63.32,7.481,,,,
6/14/2021 6:00,63.332,7.481,,,,
6/14/2021 6:15,63.33,7.381,,,,
6/14/2021 6:30,63.342,7.381,,,,
6/14/2021 6:45,63.354,7.381,,,,
6/14/2021 7:00,63.367,7.381,,,,
6/14/2021 7:15,63.367,7.381,,,,
6/14/2021 7:30,63.394,7.481,,,,
6/14/2021 7:45,63.406,7.481,,,,
6/14/2021 8:00,63.408,7.582,,,,
6/14/2021 8:15,63.421,7.582,,,,
6/14/2021 8:30,63.435,7.682,,,,
6/14/2021 8:45,63.426,7.782,,,,
6/14/2021 9:00,63.443,7.983,,,,
6/14/2021 9:15,63.435,8.182,,,,
6/14/2021 9:30,63.413,8.282,,,,
6/14/2021 9:45,63.43,8.481,,,,
6/14/2021 10:00,63.445,8.581,,,,
6/14/2021 10:15,63.44,8.879,,,,
6/14/2021 10:30,63.437,9.275,,,,
6/14/2021 10:45,63.41,9.669,,,,
6/14/2021 11:00,63.407,10.063,,,,
6/14/2021 11:15,63.392,10.455,,,,
6/14/2021 11:30,63.399,10.748,,,,
6/14/2021 11:45,63.416,10.944,,,,
6/14/2021 12:00,63.413,11.334,,,,
6/14/2021 12:15,63.401,11.334,,,,
6/14/2021 12:30,63.389,11.334,,,,
6/14/2021 12:45,63.381,11.528,,,,
6/14/2021 13:00,63.342,11.431,,,,
6/14/2021 13:15,63.352,11.334,,,,
6/14/2021 13:30,63.337,11.236,,,,
6/14/2021 13:45,63.325,11.236,,,,
6/14/2021 14:00,63.303,11.334,,,,
6/14/2021 14:15,63.269,11.431,,,,
6/14/2021 14:30,63.283,11.528,,,,
6/14/2021 14:45,63.249,11.139,,,,
6/14/2021 15:00,63.242,10.846,,,,
6/14/2021 15:15,63.228,10.748,,,,
6/14/2021 15:30,63.225,10.651,,,,
6/14/2021 15:45,63.223,10.553,,,,
6/14/2021 16:00,63.233,10.455,,,,
6/14/2021 16:15,63.218,10.357,,,,
6/14/2021 16:30,63.218,10.357,,,,
6/14/2021 16:45,63.216,10.259,,,,
6/14/2021 17:00,63.214,10.161,,,,
6/14/2021 17:15,63.234,9.965,,,,
6/14/2021 17:30,63.217,9.768,,,,
6/14/2021 17:45,63.214,9.669,,,,
6/14/2021 18:00,63.234,9.472,,,,
6/14/2021 18:15,63.256,9.373,,,,
6/14/2021 18:30,63.266,9.275,,,,
6/14/2021 18:45,63.264,9.176,,,,
6/14/2021 19:00,63.261,9.077,,,,
6/14/2021 19:15,63.296,8.978,,,,
6/14/2021 19:30,63.318,8.879,,,,
6/14/2021 19:45,63.33,8.879,,,,
6/14/2021 20:00,63.327,8.779,,,,
6/14/2021 20:15,63.327,8.779,,,,
6/14/2021 20:30,63.362,8.68,,,,
6/14/2021 20:45,63.362,8.68,,,,
6/14/2021 21:00,63.359,8.581,,,,
6/14/2021 21:15,63.372,8.581,,,,
6/14/2021 21:30,63.357,8.481,,,,
6/14/2021 21:45,63.381,8.481,,,,
6/14/2021 22:00,63.342,8.382,,,,
6/14/2021 22:15,63.355,8.382,,,,
6/14/2021 22:30,63.367,8.382,,,,
6/14/2021 22:45,63.389,8.282,,,,
6/14/2021 23:00,63.389,8.282,,,,
6/14/2021 23:15,63.399,8.182,,,,
6/14/2021 23:30,63.399,8.182,,,,
6/14/2021 23:45,63.384,8.082,,,,
6/15/2021 0:00,63.396,8.082,,,,
6/15/2021 0:15,63.384,8.082,,,,
6/15/2021 0:30,63.372,8.082,,,,
6/15/2021 0:45,63.359,8.082,,,,
6/15/2021 1:00,63.345,7.983,,,,
6/15/2021 1:15,63.333,7.983,,,,
6/15/2021 1:30,63.308,7.983,,,,
6/15/2021 1:45,63.32,7.983,,,,
6/15/2021 2:00,63.293,7.882,,,,
6/15/2021 2:15,63.293,7.882,,,,
6/15/2021 2:30,63.281,7.882,,,,
6/15/2021 2:45,63.269,7.882,,,,
6/15/2021 3:00,63.269,7.882,,,,
6/15/2021 3:15,63.281,7.882,,,,
6/15/2021 3:30,63.291,7.782,,,,
6/15/2021 3:45,63.266,7.782,,,,
6/15/2021 4:00,63.291,7.782,,,,
6/15/2021 4:15,63.266,7.782,,,,
6/15/2021 4:30,63.266,7.782,,,,
6/15/2021 4:45,63.279,7.782,,,,
6/15/2021 5:00,63.279,7.782,,,,
6/15/2021 5:15,63.315,7.782,,,,
6/15/2021 5:30,63.328,7.782,,,,
6/15/2021 5:45,63.34,7.782,,,,
6/15/2021 6:00,63.362,7.682,,,,
6/15/2021 6:15,63.411,7.682,,,,
6/15/2021 6:30,63.399,7.682,,,,
6/15/2021 6:45,63.423,7.682,,,,
6/15/2021 7:00,63.46,7.682,,,,
6/15/2021 7:15,63.472,7.682,,,,
6/15/2021 7:30,63.497,7.682,,,,
6/15/2021 7:45,63.521,7.682,,,,
6/15/2021 8:00,63.484,7.682,,,,
6/15/2021 8:15,63.472,7.682,,,,
6/15/2021 8:30,63.484,7.682,,,,
6/15/2021 8:45,63.462,7.782,,,,
6/15/2021 9:00,63.499,7.782,,,,
6/15/2021 9:15,63.501,7.882,,,,
6/15/2021 9:30,63.514,7.882,,,,
6/15/2021 9:45,63.514,7.882,,,,
6/15/2021 10:00,63.516,7.983,,,,
6/15/2021 10:15,63.506,8.082,,,,
6/15/2021 10:30,63.531,8.082,,,,
6/15/2021 10:45,63.531,8.082,,,,
6/15/2021 11:00,63.531,8.082,,,,
6/15/2021 11:15,63.546,8.182,,,,
6/15/2021 11:30,63.572,8.282,,,,
6/15/2021 11:45,63.575,8.382,,,,
6/15/2021 12:00,63.575,8.382,,,,
6/15/2021 12:15,63.599,8.382,,,,
6/15/2021 12:30,63.612,8.382,,,,
6/15/2021 12:45,63.612,8.382,,,,
6/15/2021 13:00,63.626,8.481,,,,
6/15/2021 13:15,63.626,8.481,,,,
6/15/2021 13:30,63.614,8.481,,,,
6/15/2021 13:45,63.604,8.581,,,,
6/15/2021 14:00,63.594,8.68,,,,
6/15/2021 14:15,63.572,8.779,,,,
6/15/2021 14:30,63.56,8.779,,,,
6/15/2021 14:45,63.563,8.879,,,,
6/15/2021 15:00,63.553,8.978,,,,
6/15/2021 15:15,63.504,8.978,,,,
6/15/2021 15:30,63.528,8.978,,,,
6/15/2021 15:45,63.516,8.978,,,,
6/15/2021 16:00,63.504,8.978,,,,
6/15/2021 16:15,63.528,8.978,,,,
6/15/2021 16:30,63.516,8.978,,,,
6/15/2021 16:45,63.516,8.978,,,,
6/15/2021 17:00,63.504,8.978,,,,
6/15/2021 17:15,63.489,8.879,,,,
6/15/2021 17:30,63.501,8.879,,,,
6/15/2021 17:45,63.487,8.779,,,,
6/15/2021 18:00,63.523,8.779,,,,
6/15/2021 18:15,63.506,8.581,,,,
6/15/2021 18:30,63.541,8.481,,,,
6/15/2021 18:45,63.501,8.382,,,,
6/15/2021 19:00,63.523,8.282,,,,
6/15/2021 19:15,63.546,8.182,,,,
6/15/2021 19:30,63.568,8.082,,,,
6/15/2021 19:45,63.568,8.082,,,,
6/15/2021 20:00,63.541,7.983,,,,
6/15/2021 20:15,63.565,7.983,,,,
6/15/2021 20:30,63.553,7.983,,,,
6/15/2021 20:45,63.563,7.882,,,,
6/15/2021 21:00,63.563,7.882,,,,
6/15/2021 21:15,63.56,7.782,,,,
6/15/2021 21:30,63.56,7.782,,,,
6/15/2021 21:45,63.57,7.682,,,,
6/15/2021 22:00,63.57,7.682,,,,
6/15/2021 22:15,63.57,7.682,,,,
6/15/2021 22:30,63.543,7.582,,,,
6/15/2021 22:45,63.543,7.582,,,,
6/15/2021 23:00,63.531,7.582,,,,
6/15/2021 23:15,63.531,7.582,,,,
6/15/2021 23:30,63.519,7.582,,,,
6/15/2021 23:45,63.519,7.582,,,,
6/16/2021 0:00,63.506,7.582,,,,
6/16/2021 0:15,63.479,7.481,,,,
6/16/2021 0:30,63.479,7.481,,,,
6/16/2021 0:45,63.455,7.481,,,,
6/16/2021 1:00,63.455,7.481,,,,
6/16/2021 1:15,63.43,7.481,,,,
6/16/2021 1:30,63.43,7.481,,,,
6/16/2021 1:45,63.416,7.381,,,,
6/16/2021 2:00,63.391,7.381,,,,
6/16/2021 2:15,63.391,7.381,,,,
6/16/2021 2:30,63.354,7.381,,,,
6/16/2021 2:45,63.354,7.381,,,,
6/16/2021 3:00,63.354,7.381,,,,
6/16/2021 3:15,63.342,7.381,,,,
6/16/2021 3:30,63.315,7.28,,,,
6/16/2021 3:45,63.315,7.28,,,,
6/16/2021 4:00,63.352,7.28,,,,
6/16/2021 4:15,63.328,7.28,,,,
6/16/2021 4:30,63.34,7.28,,,,
6/16/2021 4:45,63.328,7.28,,,,
6/16/2021 5:00,63.337,7.179,,,,
6/16/2021 5:15,63.288,7.179,,,,
6/16/2021 5:30,63.313,7.179,,,,
6/16/2021 5:45,63.313,7.179,,,,
6/16/2021 6:00,63.313,7.179,,,,
6/16/2021 6:15,63.31,7.079,,,,
6/16/2021 6:30,63.323,7.079,,,,
6/16/2021 6:45,63.347,7.079,,,,
6/16/2021 7:00,63.359,7.079,,,,
6/16/2021 7:15,63.359,7.079,,,,
6/16/2021 7:30,63.384,7.079,,,,
6/16/2021 7:45,63.386,7.179,,,,
6/16/2021 8:00,63.386,7.179,,,,
6/16/2021 8:15,63.389,7.28,,,,
6/16/2021 8:30,63.403,7.381,,,,
6/16/2021 8:45,63.403,7.381,,,,
6/16/2021 9:00,63.43,7.481,,,,
6/16/2021 9:15,63.433,7.582,,,,
6/16/2021 9:30,63.423,7.682,,,,
6/16/2021 9:45,63.413,7.782,,,,
6/16/2021 10:00,63.418,7.983,,,,
6/16/2021 10:15,63.421,8.082,,,,
6/16/2021 10:30,63.411,8.182,,,,
6/16/2021 10:45,63.399,8.182,,,,
6/16/2021 11:00,63.399,8.182,,,,
6/16/2021 11:15,63.403,8.382,,,,
6/16/2021 11:30,63.403,8.382,,,,
6/16/2021 11:45,63.381,8.481,,,,
6/16/2021 12:00,63.384,8.581,,,,
6/16/2021 12:15,63.359,8.581,,,,
6/16/2021 12:30,63.374,8.68,,,,
6/16/2021 12:45,63.352,8.779,,,,
6/16/2021 13:00,63.367,8.879,,,,
6/16/2021 13:15,63.369,8.978,,,,
6/16/2021 13:30,63.335,9.077,,,,
6/16/2021 13:45,63.322,9.077,,,,
6/16/2021 14:00,63.3,9.176,,,,
6/16/2021 14:15,63.315,9.275,,,,
6/16/2021 14:30,63.278,9.275,,,,
6/16/2021 14:45,63.266,9.275,,,,
6/16/2021 15:00,63.266,9.275,,,,
6/16/2021 15:15,63.229,9.275,,,,
6/16/2021 15:30,63.241,9.275,,,,
6/16/2021 15:45,63.229,9.275,,,,
6/16/2021 16:00,63.232,9.373,,,,
6/16/2021 16:15,63.232,9.373,,,,
6/16/2021 16:30,63.232,9.373,,,,
6/16/2021 16:45,63.241,9.275,,,,
6/16/2021 17:00,63.215,9.176,,,,
6/16/2021 17:15,63.224,9.077,,,,
6/16/2021 17:30,63.234,8.978,,,,
6/16/2021 17:45,63.232,8.879,,,,
6/16/2021 18:00,63.242,8.779,,,,
6/16/2021 18:15,63.254,8.779,,,,
6/16/2021 18:30,63.252,8.68,,,,
6/16/2021 18:45,63.283,8.481,,,,
6/16/2021 19:00,63.257,8.382,,,,
6/16/2021 19:15,63.254,8.282,,,,
6/16/2021 19:30,63.276,8.182,,,,
6/16/2021 19:45,63.298,8.082,,,,
6/16/2021 20:00,63.31,8.082,,,,
6/16/2021 20:15,63.32,7.983,,,,
6/16/2021 20:30,63.345,7.983,,,,
6/16/2021 20:45,63.357,7.983,,,,
6/16/2021 21:00,63.355,7.882,,,,
6/16/2021 21:15,63.355,7.882,,,,
6/16/2021 21:30,63.328,7.782,,,,
6/16/2021 21:45,63.328,7.782,,,,
6/16/2021 22:00,63.352,7.782,,,,
6/16/2021 22:15,63.34,7.782,,,,
6/16/2021 22:30,63.364,7.782,,,,
6/16/2021 22:45,63.35,7.682,,,,
6/16/2021 23:00,63.374,7.682,,,,
6/16/2021 23:15,63.362,7.682,,,,
6/16/2021 23:30,63.35,7.682,,,,
6/16/2021 23:45,63.313,7.682,,,,
6/17/2021 0:00,63.335,7.582,,,,
6/17/2021 0:15,63.31,7.582,,,,
6/17/2021 0:30,63.31,7.582,,,,
6/17/2021 0:45,63.296,7.481,,,,
6/17/2021 1:00,63.296,7.481,,,,
6/17/2021 1:15,63.271,7.481,,,,
6/17/2021 1:30,63.281,7.381,,,,
6/17/2021 1:45,63.257,7.381,,,,
6/17/2021 2:00,63.244,7.381,,,,
6/17/2021 2:15,63.22,7.381,,,,
6/17/2021 2:30,63.205,7.28,,,,
6/17/2021 2:45,63.217,7.28,,,,
6/17/2021 3:00,63.193,7.28,,,,
6/17/2021 3:15,63.193,7.28,,,,
6/17/2021 3:30,63.19,7.179,,,,
6/17/2021 3:45,63.19,7.179,,,,
6/17/2021 4:00,63.176,7.079,,,,
6/17/2021 4:15,63.151,7.079,,,,
6/17/2021 4:30,63.163,7.079,,,,
6/17/2021 4:45,63.161,6.978,,,,
6/17/2021 5:00,63.173,6.978,,,,
6/17/2021 5:15,63.161,6.978,,,,
6/17/2021 5:30,63.198,6.978,,,,
6/17/2021 5:45,63.195,6.877,,,,
6/17/2021 6:00,63.183,6.877,,,,
6/17/2021 6:15,63.195,6.877,,,,
6/17/2021 6:30,63.195,6.877,,,,
6/17/2021 6:45,63.205,6.775,,,,
6/17/2021 7:00,63.217,6.775,,,,
6/17/2021 7:15,63.217,6.775,,,,
6/17/2021 7:30,63.217,6.775,,,,
6/17/2021 7:45,63.229,6.775,,,,
6/17/2021 8:00,63.242,6.775,,,,
6/17/2021 8:15,63.254,6.775,,,,
6/17/2021 8:30,63.278,6.775,,,,
6/17/2021 8:45,63.291,6.775,,,,
6/17/2021 9:00,63.281,6.877,,,,
6/17/2021 9:15,63.293,6.877,,,,
6/17/2021 9:30,63.308,6.978,,,,
6/17/2021 9:45,63.323,7.079,,,,
6/17/2021 10:00,63.325,7.179,,,,
6/17/2021 10:15,63.291,7.28,,,,
6/17/2021 10:30,63.308,7.481,,,,
6/17/2021 10:45,63.286,7.582,,,,
6/17/2021 11:00,63.279,7.782,,,,
6/17/2021 11:15,63.262,8.082,,,,
6/17/2021 11:30,63.279,8.282,,,,
6/17/2021 11:45,63.281,8.382,,,,
6/17/2021 12:00,63.271,8.481,,,,
6/17/2021 12:15,63.249,8.581,,,,
6/17/2021 12:30,63.239,8.68,,,,
6/17/2021 12:45,63.23,8.779,,,,
6/17/2021 13:00,63.21,8.978,,,,
6/17/2021 13:15,63.2,9.077,,,,
6/17/2021 13:30,63.19,9.176,,,,
6/17/2021 13:45,63.18,9.275,,,,
6/17/2021 14:00,63.168,9.275,,,,
6/17/2021 14:15,63.144,9.275,,,,
6/17/2021 14:30,63.134,9.373,,,,
6/17/2021 14:45,63.134,9.373,,,,
6/17/2021 15:00,63.121,9.373,,,,
6/17/2021 15:15,63.109,9.373,,,,
6/17/2021 15:30,63.097,9.373,,,,
6/17/2021 15:45,63.095,9.275,,,,
6/17/2021 16:00,63.095,9.275,,,,
6/17/2021 16:15,63.104,9.176,,,,
6/17/2021 16:30,63.114,9.077,,,,
6/17/2021 16:45,63.112,8.978,,,,
6/17/2021 17:00,63.134,8.879,,,,
6/17/2021 17:15,63.156,8.779,,,,
6/17/2021 17:30,63.141,8.68,,,,
6/17/2021 17:45,63.151,8.581,,,,
6/17/2021 18:00,63.134,8.382,,,,
6/17/2021 18:15,63.156,8.282,,,,
6/17/2021 18:30,63.142,8.182,,,,
6/17/2021 18:45,63.164,8.082,,,,
6/17/2021 19:00,63.173,7.983,,,,
6/17/2021 19:15,63.171,7.882,,,,
6/17/2021 19:30,63.193,7.782,,,,
6/17/2021 19:45,63.2,7.582,,,,
6/17/2021 20:00,63.2,7.582,,,,
6/17/2021 20:15,63.21,7.481,,,,
6/17/2021 20:30,63.217,7.28,,,,
6/17/2021 20:45,63.215,7.179,,,,
6/17/2021 21:00,63.212,7.079,,,,
6/17/2021 21:15,63.21,6.978,,,,
6/17/2021 21:30,63.222,6.978,,,,
6/17/2021 21:45,63.247,6.978,,,,
6/17/2021 22:00,63.232,6.877,,,,
6/17/2021 22:15,63.22,6.877,,,,
6/17/2021 22:30,63.22,6.877,,,,
6/17/2021 22:45,63.22,6.877,,,,
6/17/2021 23:00,63.22,6.877,,,,
6/17/2021 23:15,63.207,6.877,,,,
6/17/2021 23:30,63.207,6.877,,,,
6/17/2021 23:45,63.195,6.877,,,,
6/18/2021 0:00,63.171,6.877,,,,
6/18/2021 0:15,63.171,6.877,,,,
6/18/2021 0:30,63.195,6.877,,,,
6/18/2021 0:45,63.171,6.877,,,,
6/18/2021 1:00,63.171,6.877,,,,
6/18/2021 1:15,63.158,6.877,,,,
6/18/2021 1:30,63.158,6.877,,,,
6/18/2021 1:45,63.158,6.877,,,,
6/18/2021 2:00,63.158,6.877,,,,
6/18/2021 2:15,63.134,6.877,,,,
6/18/2021 2:30,63.158,6.877,,,,
6/18/2021 2:45,63.146,6.877,,,,
6/18/2021 3:00,63.134,6.877,,,,
6/18/2021 3:15,63.097,6.877,,,,
6/18/2021 3:30,63.146,6.877,,,,
6/18/2021 3:45,63.146,6.877,,,,
6/18/2021 4:00,63.158,6.877,,,,
6/18/2021 4:15,63.171,6.877,,,,
6/18/2021 4:30,63.158,6.877,,,,
6/18/2021 4:45,63.158,6.877,,,,
6/18/2021 5:00,63.168,6.775,,,,
6/18/2021 5:15,63.18,6.775,,,,
6/18/2021 5:30,63.193,6.775,,,,
6/18/2021 5:45,63.229,6.775,,,,
6/18/2021 6:00,63.217,6.775,,,,
6/18/2021 6:15,63.251,6.674,,,,
6/18/2021 6:30,63.288,6.674,,,,
6/18/2021 6:45,63.313,6.674,,,,
6/18/2021 7:00,63.337,6.674,,,,
6/18/2021 7:15,63.337,6.674,,,,
6/18/2021 7:30,63.362,6.674,,,,
6/18/2021 7:45,63.362,6.674,,,,
6/18/2021 8:00,63.386,6.674,,,,
6/18/2021 8:15,63.386,6.674,,,,
6/18/2021 8:30,63.398,6.674,,,,
6/18/2021 8:45,63.41,6.674,,,,
6/18/2021 9:00,63.401,6.775,,,,
6/18/2021 9:15,63.401,6.775,,,,
6/18/2021 9:30,63.391,6.877,,,,
6/18/2021 9:45,63.406,6.978,,,,
6/18/2021 10:00,63.406,6.978,,,,
6/18/2021 10:15,63.408,7.079,,,,
6/18/2021 10:30,63.384,7.079,,,,
6/18/2021 10:45,63.386,7.179,,,,
6/18/2021 11:00,63.379,7.381,,,,
6/18/2021 11:15,63.357,7.481,,,,
6/18/2021 11:30,63.347,7.582,,,,
6/18/2021 11:45,63.364,7.782,,,,
6/18/2021 12:00,63.342,7.882,,,,
6/18/2021 12:15,63.308,7.983,,,,
6/18/2021 12:30,63.323,8.082,,,,
6/18/2021 12:45,63.298,8.082,,,,
6/18/2021 13:00,63.298,8.082,,,,
6/18/2021 13:15,63.286,8.082,,,,
6/18/2021 13:30,63.262,8.082,,,,
6/18/2021 13:45,62.764,9.275,,,,
6/18/2021 14:00,63.239,8.68,,,,
6/18/2021 14:15,63.232,8.382,,,,
6/18/2021 14:30,63.217,8.282,,,,
6/18/2021 14:45,63.213,8.082,,,,
6/18/2021 15:00,63.21,7.983,,,,
6/18/2021 15:15,63.171,7.882,,,,
6/18/2021 15:30,63.208,7.882,,,,
6/18/2021 15:45,63.186,7.983,,,,
6/18/2021 16:00,63.198,7.983,,,,
6/18/2021 16:15,63.22,7.882,,,,
6/18/2021 16:30,63.22,7.882,,,,
6/18/2021 16:45,63.23,7.782,,,,
6/18/2021 17:00,63.23,7.782,,,,
6/18/2021 17:15,63.23,7.782,,,,
6/18/2021 17:30,63.227,7.682,,,,
6/18/2021 17:45,63.239,7.682,,,,
6/18/2021 18:00,63.239,7.682,,,,
6/18/2021 18:15,63.262,7.582,,,,
6/18/2021 18:30,63.271,7.481,,,,
6/18/2021 18:45,63.284,7.481,,,,
6/18/2021 19:00,63.281,7.381,,,,
6/18/2021 19:15,63.281,7.381,,,,
6/18/2021 19:30,63.279,7.28,,,,
6/18/2021 19:45,63.291,7.28,,,,
6/18/2021 20:00,63.313,7.179,,,,
6/18/2021 20:15,63.313,7.179,,,,
6/18/2021 20:30,63.323,7.079,,,,
6/18/2021 20:45,63.335,7.079,,,,
6/18/2021 21:00,63.32,6.978,,,,
6/18/2021 21:15,63.32,6.978,,,,
6/18/2021 21:30,63.332,6.978,,,,
6/18/2021 21:45,63.33,6.877,,,,
6/18/2021 22:00,63.342,6.877,,,,
6/18/2021 22:15,63.354,6.877,,,,
6/18/2021 22:30,63.342,6.877,,,,
6/18/2021 22:45,63.342,6.877,,,,
6/18/2021 23:00,63.34,6.775,,,,
6/18/2021 23:15,63.327,6.775,,,,
6/18/2021 23:30,63.327,6.775,,,,
6/18/2021 23:45,63.327,6.775,,,,
6/19/2021 0:00,63.327,6.775,,,,
6/19/2021 0:15,63.327,6.775,,,,
6/19/2021 0:30,63.315,6.775,,,,
6/19/2021 0:45,63.315,6.775,,,,
6/19/2021 1:00,63.303,6.775,,,,
6/19/2021 1:15,63.266,6.775,,,,
6/19/2021 1:30,63.291,6.775,,,,
6/19/2021 1:45,63.251,6.674,,,,
6/19/2021 2:00,63.251,6.674,,,,
6/19/2021 2:15,63.251,6.674,,,,
6/19/2021 2:30,63.251,6.674,,,,
6/19/2021 2:45,63.288,6.674,,,,
6/19/2021 3:00,63.276,6.674,,,,
6/19/2021 3:15,63.325,6.674,,,,
6/19/2021 3:30,63.313,6.674,,,,
6/19/2021 3:45,63.31,6.573,,,,
6/19/2021 4:00,63.322,6.573,,,,
6/19/2021 4:15,63.322,6.573,,,,
6/19/2021 4:30,63.356,6.471,,,,
6/19/2021 4:45,63.393,6.471,,,,
6/19/2021 5:00,63.464,6.37,,,,
6/19/2021 5:15,63.422,6.166,,,,
6/19/2021 5:30,63.469,6.064,,,,
6/19/2021 5:45,63.515,5.962,,,,
6/19/2021 6:00,63.527,5.962,,,,
6/19/2021 6:15,63.561,5.86,,,,
6/19/2021 6:30,63.574,5.86,,,,
6/19/2021 6:45,63.561,5.86,,,,
6/19/2021 7:00,63.574,5.86,,,,
6/19/2021 7:15,63.601,5.962,,,,
6/19/2021 7:30,63.625,5.962,,,,
6/19/2021 7:45,63.662,5.962,,,,
6/19/2021 8:00,63.689,6.064,,,,
6/19/2021 8:15,63.689,6.064,,,,
6/19/2021 8:30,63.691,6.166,,,,
6/19/2021 8:45,63.691,6.166,,,,
6/19/2021 9:00,63.682,6.268,,,,
6/19/2021 9:15,63.672,6.37,,,,
6/19/2021 9:30,63.675,6.471,,,,
6/19/2021 9:45,63.699,6.471,,,,
6/19/2021 10:00,63.677,6.573,,,,
6/19/2021 10:15,63.692,6.674,,,,
6/19/2021 10:30,63.756,6.775,,,,
6/19/2021 10:45,63.734,6.877,,,,
6/19/2021 11:00,63.721,6.877,,,,
6/19/2021 11:15,63.724,6.978,,,,
6/19/2021 11:30,63.677,7.079,,,,
6/19/2021 11:45,63.717,7.179,,,,
6/19/2021 12:00,63.707,7.28,,,,
6/19/2021 12:15,63.722,7.381,,,,
6/19/2021 12:30,63.758,7.381,,,,
6/19/2021 12:45,63.82,7.381,,,,
6/19/2021 13:00,63.785,7.481,,,,
6/19/2021 13:15,63.751,7.582,,,,
6/19/2021 13:30,63.778,7.682,,,,
6/19/2021 13:45,63.805,7.782,,,,
6/19/2021 14:00,63.783,7.882,,,,
6/19/2021 14:15,63.82,7.882,,,,
6/19/2021 14:30,63.871,7.983,,,,
6/19/2021 14:45,63.932,7.983,,,,
6/19/2021 15:00,63.886,8.082,,,,
6/19/2021 15:15,63.852,8.182,,,,
6/19/2021 15:30,63.866,8.282,,,,
6/19/2021 15:45,63.83,8.282,,,,
6/19/2021 16:00,63.817,8.282,,,,
6/19/2021 16:15,63.817,8.282,,,,
6/19/2021 16:30,63.854,8.282,,,,
6/19/2021 16:45,63.783,8.382,,,,
6/19/2021 17:00,63.82,8.382,,,,
6/19/2021 17:15,63.783,8.382,,,,
6/19/2021 17:30,63.82,8.382,,,,
6/19/2021 17:45,63.854,8.282,,,,
6/19/2021 18:00,63.815,8.182,,,,
6/19/2021 18:15,63.741,8.182,,,,
6/19/2021 18:30,63.825,8.082,,,,
6/19/2021 18:45,63.81,7.983,,,,
6/19/2021 19:00,63.771,7.882,,,,
6/19/2021 19:15,63.9,7.682,,,,
6/19/2021 19:30,63.751,7.582,,,,
6/19/2021 19:45,63.761,7.481,,,,
6/19/2021 20:00,63.82,7.381,,,,
6/19/2021 20:15,63.756,7.28,,,,
6/19/2021 20:30,63.766,7.179,,,,
6/19/2021 20:45,63.788,7.079,,,,
6/19/2021 21:00,63.69,7.079,,,,
6/19/2021 21:15,63.714,7.079,,,,
6/19/2021 21:30,63.736,6.978,,,,
6/19/2021 21:45,63.699,6.978,,,,
6/19/2021 22:00,63.758,6.877,,,,
6/19/2021 22:15,63.67,6.775,,,,
6/19/2021 22:30,63.719,6.775,,,,
6/19/2021 22:45,63.67,6.775,,,,
6/19/2021 23:00,63.667,6.674,,,,
6/19/2021 23:15,63.704,6.674,,,,
6/19/2021 23:30,63.604,6.573,,,,
6/19/2021 23:45,63.604,6.573,,,,
6/20/2021 0:00,63.577,6.471,,,,
6/20/2021 0:15,63.552,6.471,,,,
6/20/2021 0:30,63.55,6.37,,,,
6/20/2021 0:45,63.501,6.37,,,,
6/20/2021 1:00,63.501,6.37,,,,
6/20/2021 1:15,63.474,6.268,,,,
6/20/2021 1:30,63.486,6.268,,,,
6/20/2021 1:45,63.413,6.268,,,,
6/20/2021 2:00,63.422,6.166,,,,
6/20/2021 2:15,63.422,6.166,,,,
6/20/2021 2:30,63.41,6.166,,,,
6/20/2021 2:45,63.41,6.166,,,,
6/20/2021 3:00,63.395,6.064,,,,
6/20/2021 3:15,63.42,6.064,,,,
6/20/2021 3:30,63.42,6.064,,,,
6/20/2021 3:45,63.456,6.064,,,,
6/20/2021 4:00,63.454,5.962,,,,
6/20/2021 4:15,63.442,5.962,,,,
6/20/2021 4:30,63.415,5.86,,,,
6/20/2021 4:45,63.449,5.757,,,,
6/20/2021 5:00,63.437,5.757,,,,
6/20/2021 5:15,63.483,5.655,,,,
6/20/2021 5:30,63.493,5.552,,,,
6/20/2021 5:45,63.615,5.552,,,,
6/20/2021 6:00,63.627,5.552,,,,
6/20/2021 6:15,63.603,5.552,,,,
6/20/2021 6:30,63.686,5.45,,,,
6/20/2021 6:45,63.563,5.45,,,,
6/20/2021 7:00,63.695,5.347,,,,
6/20/2021 7:15,63.629,5.141,,,,
6/20/2021 7:30,63.859,5.037,,,,
6/20/2021 7:45,63.653,5.141,,,,
6/20/2021 8:00,63.739,5.141,,,,
6/20/2021 8:15,63.592,5.141,,,,
6/20/2021 8:30,63.644,5.244,,,,
6/20/2021 8:45,63.668,5.244,,,,
6/20/2021 9:00,63.72,5.347,,,,
6/20/2021 9:15,63.686,5.45,,,,
6/20/2021 9:30,64.187,5.45,,,,
6/20/2021 9:45,64.202,5.552,,,,
6/20/2021 10:00,64.288,5.552,,,,
6/20/2021 10:15,64.217,5.655,,,,
6/20/2021 10:30,64.293,5.757,,,,
6/20/2021 10:45,64.396,5.962,,,,
6/20/2021 11:00,64.435,6.064,,,,
6/20/2021 11:15,64.511,6.166,,,,
6/20/2021 11:30,64.599,6.268,,,,
6/20/2021 11:45,64.455,6.37,,,,
6/20/2021 12:00,64.467,6.37,,,,
6/20/2021 12:15,64.455,6.37,,,,
6/20/2021 12:30,64.529,6.37,,,,
6/20/2021 12:45,64.516,6.37,,,,
6/20/2021 13:00,64.421,6.471,,,,
6/20/2021 13:15,64.509,6.573,,,,
6/20/2021 13:30,64.46,6.573,,,,
6/20/2021 13:45,64.402,6.674,,,,
6/20/2021 14:00,64.306,6.775,,,,
6/20/2021 14:15,64.287,6.978,,,,
6/20/2021 14:30,64.289,7.079,,,,
6/20/2021 14:45,64.277,7.079,,,,
6/20/2021 15:00,64.311,6.978,,,,
6/20/2021 15:15,64.338,7.079,,,,
6/20/2021 15:30,64.294,7.28,,,,
6/20/2021 15:45,64.248,7.381,,,,
6/20/2021 16:00,64.25,7.481,,,,
6/20/2021 16:15,64.25,7.481,,,,
6/20/2021 16:30,64.153,7.481,,,,
6/20/2021 16:45,64.214,7.481,,,,
6/20/2021 17:00,64.199,7.381,,,,
6/20/2021 17:15,64.113,7.381,,,,
6/20/2021 17:30,64.148,7.28,,,,
6/20/2021 17:45,64.133,7.179,,,,
6/20/2021 18:00,64.084,7.179,,,,
6/20/2021 18:15,64.106,7.079,,,,
6/20/2021 18:30,63.993,6.978,,,,
6/20/2021 18:45,64.076,6.877,,,,
6/20/2021 19:00,64.098,6.775,,,,
6/20/2021 19:15,64.108,6.674,,,,
6/20/2021 19:30,64.008,6.573,,,,
6/20/2021 19:45,64.125,6.37,,,,
6/20/2021 20:00,64.169,6.166,,,,
6/20/2021 20:15,64.188,5.962,,,,
6/20/2021 20:30,64.198,5.86,,,,
6/20/2021 20:45,64.271,5.86,,,,
6/20/2021 21:00,64.232,5.757,,,,
6/20/2021 21:15,64.317,5.757,,,,
6/20/2021 21:30,64.351,5.655,,,,
6/20/2021 21:45,64.41,5.552,,,,
6/20/2021 22:00,64.407,5.45,,,,
6/20/2021 22:15,64.442,5.347,,,,
6/20/2021 22:30,64.495,5.037,,,,
6/20/2021 22:45,64.428,4.831,,,,
6/20/2021 23:00,64.414,4.727,,,,
6/20/2021 23:15,64.628,4.519,,,,
6/20/2021 23:30,64.427,4.311,,,,
6/20/2021 23:45,64.52,4.102,,,,
6/21/2021 0:00,64.539,3.893,,,,
6/21/2021 0:15,64.558,3.683,,,,
6/21/2021 0:30,64.467,3.472,,,,
6/21/2021 0:45,64.455,3.472,,,,
6/21/2021 1:00,64.467,3.472,,,,
6/21/2021 1:15,64.455,3.472,,,,
6/21/2021 1:30,64.347,3.578,,,,
6/21/2021 1:45,64.533,3.683,,,,
6/21/2021 2:00,64.438,3.788,,,,
6/21/2021 2:15,64.451,3.788,,,,
6/21/2021 2:30,64.417,3.893,,,,
6/21/2021 2:45,64.505,3.998,,,,
6/21/2021 3:00,64.566,3.998,,,,
6/21/2021 3:15,64.762,3.998,,,,
6/21/2021 3:30,64.676,3.998,,,,
6/21/2021 3:45,64.85,4.102,,,,
6/21/2021 4:00,64.764,4.102,,,,
6/21/2021 4:15,64.862,4.102,,,,
6/21/2021 4:30,64.823,3.998,,,,
6/21/2021 4:45,65.055,3.998,,,,
6/21/2021 5:00,64.933,3.998,,,,
6/21/2021 5:15,65.165,3.998,,,,
6/21/2021 5:30,65.092,3.998,,,,
6/21/2021 5:45,65.263,3.998,,,,
6/21/2021 6:00,65.336,3.998,,,,
6/21/2021 6:15,65.211,3.893,,,,
6/21/2021 6:30,65.15,3.893,,,,
6/21/2021 6:45,65.114,3.893,,,,
6/21/2021 7:00,65.15,3.893,,,,
6/21/2021 7:15,65.153,3.998,,,,
6/21/2021 7:30,65.263,3.998,,,,
6/21/2021 7:45,65.336,3.998,,,,
6/21/2021 8:00,65.253,4.102,,,,
6/21/2021 8:15,65.158,4.207,,,,
6/21/2021 8:30,65.271,4.311,,,,
6/21/2021 8:45,65.139,4.415,,,,
6/21/2021 9:00,65.02,4.519,,,,
6/21/2021 9:15,65.194,4.623,,,,
6/21/2021 9:30,65.04,4.831,,,,
6/21/2021 9:45,65.131,5.037,,,,
6/21/2021 10:00,64.931,5.347,,,,
6/21/2021 10:15,65.037,5.655,,,,
6/21/2021 10:30,65.02,5.962,,,,
6/21/2021 10:45,64.942,6.268,,,,
6/21/2021 11:00,64.935,6.471,,,,
6/21/2021 11:15,64.903,6.674,,,,
6/21/2021 11:30,64.857,6.775,,,,
6/21/2021 11:45,64.786,6.877,,,,
6/21/2021 12:00,64.813,6.978,,,,
6/21/2021 12:15,64.791,7.079,,,,
6/21/2021 12:30,64.652,7.381,,,,
6/21/2021 12:45,64.723,7.782,,,,
6/21/2021 13:00,64.584,8.082,,,,
6/21/2021 13:15,64.603,8.382,,,,
6/21/2021 13:30,64.608,8.581,,,,
6/21/2021 13:45,64.525,8.68,,,,
6/21/2021 14:00,64.591,8.879,,,,
6/21/2021 14:15,64.532,8.978,,,,
6/21/2021 14:30,64.513,9.176,,,,
6/21/2021 14:45,64.444,9.373,,,,
6/21/2021 15:00,64.336,9.472,,,,
6/21/2021 15:15,64.412,9.571,,,,
6/21/2021 15:30,64.441,9.768,,,,
6/21/2021 15:45,64.321,9.866,,,,
6/21/2021 16:00,64.334,9.866,,,,
6/21/2021 16:15,64.309,9.866,,,,
6/21/2021 16:30,64.233,9.768,,,,
6/21/2021 16:45,64.243,9.669,,,,
6/21/2021 17:00,64.275,9.472,,,,
6/21/2021 17:15,64.224,9.373,,,,
6/21/2021 17:30,64.216,9.077,,,,
6/21/2021 17:45,64.273,8.879,,,,
6/21/2021 18:00,64.145,8.68,,,,
6/21/2021 18:15,64.226,8.481,,,,
6/21/2021 18:30,64.172,8.282,,,,
6/21/2021 18:45,64.204,8.082,,,,
6/21/2021 19:00,64.175,7.882,,,,
6/21/2021 19:15,64.233,7.782,,,,
6/21/2021 19:30,64.216,7.582,,,,
6/21/2021 19:45,64.226,7.481,,,,
6/21/2021 20:00,64.113,7.381,,,,
6/21/2021 20:15,64.245,7.28,,,,
6/21/2021 20:30,64.218,7.179,,,,
6/21/2021 20:45,64.155,7.079,,,,
6/21/2021 21:00,64.201,6.978,,,,
6/21/2021 21:15,64.076,6.877,,,,
6/21/2021 21:30,64.172,6.775,,,,
6/21/2021 21:45,64.172,6.775,,,,
6/21/2021 22:00,64.169,6.674,,,,
6/21/2021 22:15,64.179,6.573,,,,
6/21/2021 22:30,64.164,6.471,,,,
6/21/2021 22:45,64.113,6.37,,,,
6/21/2021 23:00,64.076,6.37,,,,
6/21/2021 23:15,64.134,6.268,,,,
6/21/2021 23:30,64.107,6.166,,,,
6/21/2021 23:45,64.154,6.064,,,,
6/22/2021 0:00,64.09,5.962,,,,
6/22/2021 0:15,64.112,5.86,,,,
6/22/2021 0:30,64.134,5.757,,,,
6/22/2021 0:45,64.06,5.757,,,,
6/22/2021 1:00,64.158,5.757,,,,
6/22/2021 1:15,64.058,5.655,,,,
6/22/2021 1:30,64.144,5.655,,,,
6/22/2021 1:45,64.156,5.655,,,,
6/22/2021 2:00,64.055,5.552,,,,
6/22/2021 2:15,64.019,5.552,,,,
6/22/2021 2:30,64.031,5.552,,,,
6/22/2021 2:45,64.031,5.552,,,,
6/22/2021 3:00,64.031,5.552,,,,
6/22/2021 3:15,64.031,5.552,,,,
6/22/2021 3:30,63.945,5.552,,,,
6/22/2021 3:45,63.994,5.552,,,,
6/22/2021 4:00,63.979,5.45,,,,
6/22/2021 4:15,64.028,5.45,,,,
6/22/2021 4:30,63.93,5.45,,,,
6/22/2021 4:45,63.967,5.45,,,,
6/22/2021 5:00,64.004,5.45,,,,
6/22/2021 5:15,64.016,5.45,,,,
6/22/2021 5:30,64.05,5.347,,,,
6/22/2021 5:45,64.05,5.347,,,,
6/22/2021 6:00,63.964,5.347,,,,
6/22/2021 6:15,64.038,5.347,,,,
6/22/2021 6:30,64.011,5.244,,,,
6/22/2021 6:45,64.06,5.244,,,,
6/22/2021 7:00,64.035,5.244,,,,
6/22/2021 7:15,64.121,5.244,,,,
6/22/2021 7:30,64.096,5.244,,,,
6/22/2021 7:45,64.096,5.244,,,,
6/22/2021 8:00,64.062,5.347,,,,
6/22/2021 8:15,64.089,5.45,,,,
6/22/2021 8:30,64.055,5.552,,,,
6/22/2021 8:45,64.168,5.655,,,,
6/22/2021 9:00,64.122,5.757,,,,
6/22/2021 9:15,64.026,5.86,,,,
6/22/2021 9:30,64.139,5.962,,,,
6/22/2021 9:45,64.139,5.962,,,,
6/22/2021 10:00,64.115,5.962,,,,
6/22/2021 10:15,64.093,6.064,,,,
6/22/2021 10:30,64.144,6.166,,,,
6/22/2021 10:45,64.064,6.37,,,,
6/22/2021 11:00,64.103,6.471,,,,
6/22/2021 11:15,64.071,6.674,,,,
6/22/2021 11:30,64.052,6.877,,,,
6/22/2021 11:45,64.042,6.978,,,,
6/22/2021 12:00,64.01,7.179,,,,
6/22/2021 12:15,64.045,7.582,,,,
6/22/2021 12:30,63.949,7.682,,,,
6/22/2021 12:45,64.04,7.882,,,,
6/22/2021 13:00,63.994,7.983,,,,
6/22/2021 13:15,63.981,7.983,,,,
6/22/2021 13:30,63.947,8.082,,,,
6/22/2021 13:45,63.95,8.182,,,,
6/22/2021 14:00,63.954,8.382,,,,
6/22/2021 14:15,64.003,8.382,,,,
6/22/2021 14:30,63.918,8.382,,,,
6/22/2021 14:45,63.93,8.382,,,,
6/22/2021 15:00,63.942,8.382,,,,
6/22/2021 15:15,63.93,8.382,,,,
6/22/2021 15:30,63.92,8.481,,,,
6/22/2021 15:45,63.947,8.581,,,,
6/22/2021 16:00,63.812,8.581,,,,
6/22/2021 16:15,63.888,8.68,,,,
6/22/2021 16:30,63.937,8.68,,,,
6/22/2021 16:45,63.864,8.68,,,,
6/22/2021 17:00,63.901,8.68,,,,
6/22/2021 17:15,63.913,8.68,,,,
6/22/2021 17:30,63.901,8.68,,,,
6/22/2021 17:45,63.847,8.481,,,,
6/22/2021 18:00,63.844,8.382,,,,
6/22/2021 18:15,63.879,8.282,,,,
6/22/2021 18:30,63.886,8.082,,,,
6/22/2021 18:45,63.834,7.983,,,,
6/22/2021 19:00,63.842,7.782,,,,
6/22/2021 19:15,63.913,7.682,,,,
6/22/2021 19:30,63.873,7.582,,,,
6/22/2021 19:45,63.92,7.481,,,,
6/22/2021 20:00,63.866,7.28,,,,
6/22/2021 20:15,63.827,7.179,,,,
6/22/2021 20:30,63.861,7.079,,,,
6/22/2021 20:45,63.907,6.978,,,,
6/22/2021 21:00,63.871,6.978,,,,
6/22/2021 21:15,63.868,6.877,,,,
6/22/2021 21:30,63.893,6.877,,,,
6/22/2021 21:45,63.915,6.775,,,,
6/22/2021 22:00,63.976,6.775,,,,
6/22/2021 22:15,63.875,6.674,,,,
6/22/2021 22:30,63.924,6.674,,,,
6/22/2021 22:45,63.949,6.674,,,,
6/22/2021 23:00,63.91,6.573,,,,
6/22/2021 23:15,63.836,6.573,,,,
6/22/2021 23:30,63.895,6.471,,,,
6/22/2021 23:45,63.968,6.471,,,,
6/23/2021 0:00,63.88,6.37,,,,
6/23/2021 0:15,63.819,6.37,,,,
6/23/2021 0:30,63.914,6.268,,,,
6/23/2021 0:45,63.829,6.268,,,,
6/23/2021 1:00,63.826,6.166,,,,
6/23/2021 1:15,63.802,6.166,,,,
6/23/2021 1:30,63.789,6.166,,,,
6/23/2021 1:45,63.814,6.166,,,,
6/23/2021 2:00,63.775,6.064,,,,
6/23/2021 2:15,63.787,6.064,,,,
6/23/2021 2:30,63.823,6.064,,,,
6/23/2021 2:45,63.799,6.064,,,,
6/23/2021 3:00,63.784,5.962,,,,
6/23/2021 3:15,63.833,5.962,,,,
6/23/2021 3:30,63.818,5.86,,,,
6/23/2021 3:45,63.816,5.757,,,,
6/23/2021 4:00,63.884,5.552,,,,
6/23/2021 4:15,63.845,5.45,,,,
6/23/2021 4:30,63.879,5.347,,,,
6/23/2021 4:45,63.867,5.347,,,,
6/23/2021 5:00,63.83,5.347,,,,
6/23/2021 5:15,63.808,5.45,,,,
6/23/2021 5:30,63.845,5.45,,,,
6/23/2021 5:45,63.943,5.45,,,,
6/23/2021 6:00,63.943,5.45,,,,
6/23/2021 6:15,63.869,5.45,,,,
6/23/2021 6:30,63.854,5.347,,,,
6/23/2021 6:45,63.891,5.347,,,,
6/23/2021 7:00,63.891,5.347,,,,
6/23/2021 7:15,63.916,5.347,,,,
6/23/2021 7:30,63.964,5.347,,,,
6/23/2021 7:45,63.94,5.347,,,,
6/23/2021 8:00,64.028,5.45,,,,
6/23/2021 8:15,63.97,5.552,,,,
6/23/2021 8:30,64.033,5.655,,,,
6/23/2021 8:45,63.963,5.757,,,,
6/23/2021 9:00,64.004,5.962,,,,
6/23/2021 9:15,63.995,6.064,,,,
6/23/2021 9:30,63.953,6.37,,,,
6/23/2021 9:45,63.986,6.674,,,,
6/23/2021 10:00,63.991,6.877,,,,
6/23/2021 10:15,63.998,7.179,,,,
6/23/2021 10:30,63.979,7.381,,,,
6/23/2021 10:45,63.984,7.582,,,,
6/23/2021 11:00,63.954,7.882,,,,
6/23/2021 11:15,64.006,7.983,,,,
6/23/2021 11:30,63.95,8.182,,,,
6/23/2021 11:45,63.967,8.382,,,,
6/23/2021 12:00,63.986,8.68,,,,
6/23/2021 12:15,63.959,9.077,,,,
6/23/2021 12:30,63.927,9.275,,,,
6/23/2021 12:45,63.92,9.472,,,,
6/23/2021 13:00,63.898,9.571,,,,
6/23/2021 13:15,63.861,9.571,,,,
6/23/2021 13:30,63.922,9.571,,,,
6/23/2021 13:45,63.876,9.669,,,,
6/23/2021 14:00,63.819,9.866,,,,
6/23/2021 14:15,63.888,10.161,,,,
6/23/2021 14:30,63.799,10.553,,,,
6/23/2021 14:45,63.85,10.651,,,,
6/23/2021 15:00,63.757,10.846,,,,
6/23/2021 15:15,63.739,11.139,,,,
6/23/2021 15:30,63.739,11.139,,,,
6/23/2021 15:45,63.776,11.139,,,,
6/23/2021 16:00,63.798,11.041,,,,
6/23/2021 16:15,63.735,10.944,,,,
6/23/2021 16:30,63.779,10.748,,,,
6/23/2021 16:45,63.762,10.553,,,,
6/23/2021 17:00,63.767,10.259,,,,
6/23/2021 17:15,63.824,10.063,,,,
6/23/2021 17:30,63.785,9.965,,,,
6/23/2021 17:45,63.756,9.768,,,,
6/23/2021 18:00,63.751,9.571,,,,
6/23/2021 18:15,63.761,9.472,,,,
6/23/2021 18:30,63.793,9.275,,,,
6/23/2021 18:45,63.778,9.176,,,,
6/23/2021 19:00,63.785,8.978,,,,
6/23/2021 19:15,63.832,8.879,,,,
6/23/2021 19:30,63.827,8.68,,,,
6/23/2021 19:45,63.837,8.581,,,,
6/23/2021 20:00,63.896,8.481,,,,
6/23/2021 20:15,63.856,8.382,,,,
6/23/2021 20:30,63.879,8.282,,,,
6/23/2021 20:45,63.888,8.182,,,,
6/23/2021 21:00,63.861,8.082,,,,
6/23/2021 21:15,63.896,7.983,,,,
6/23/2021 21:30,63.942,7.882,,,,
6/23/2021 21:45,63.93,7.882,,,,
6/23/2021 22:00,63.915,7.782,,,,
6/23/2021 22:15,63.927,7.782,,,,
6/23/2021 22:30,63.9,7.682,,,,
6/23/2021 22:45,63.913,7.682,,,,
6/23/2021 23:00,63.922,7.582,,,,
6/23/2021 23:15,63.922,7.582,,,,
6/23/2021 23:30,63.944,7.481,,,,
6/23/2021 23:45,63.944,7.481,,,,
6/24/2021 0:00,63.871,7.481,,,,
6/24/2021 0:15,63.893,7.381,,,,
6/24/2021 0:30,63.783,7.381,,,,
6/24/2021 0:45,63.829,7.28,,,,
6/24/2021 1:00,63.802,7.179,,,,
6/24/2021 1:15,63.79,7.179,,,,
6/24/2021 1:30,63.8,7.079,,,,
6/24/2021 1:45,63.797,6.978,,,,
6/24/2021 2:00,63.77,6.877,,,,
6/24/2021 2:15,63.77,6.877,,,,
6/24/2021 2:30,63.731,6.775,,,,
6/24/2021 2:45,63.719,6.775,,,,
6/24/2021 3:00,63.694,6.775,,,,
6/24/2021 3:15,63.692,6.674,,,,
6/24/2021 3:30,63.716,6.674,,,,
6/24/2021 3:45,63.677,6.573,,,,
6/24/2021 4:00,63.726,6.573,,,,
6/24/2021 4:15,63.702,6.573,,,,
6/24/2021 4:30,63.662,6.471,,,,
6/24/2021 4:45,63.699,6.471,,,,
6/24/2021 5:00,63.662,6.471,,,,
6/24/2021 5:15,63.672,6.37,,,,
6/24/2021 5:30,63.672,6.37,,,,
6/24/2021 5:45,63.682,6.268,,,,
6/24/2021 6:00,63.657,6.268,,,,
6/24/2021 6:15,63.694,6.268,,,,
6/24/2021 6:30,63.643,6.166,,,,
6/24/2021 6:45,63.679,6.166,,,,
6/24/2021 7:00,63.704,6.166,,,,
6/24/2021 7:15,63.716,6.166,,,,
6/24/2021 7:30,63.731,6.268,,,,
6/24/2021 7:45,63.733,6.37,,,,
6/24/2021 8:00,63.721,6.37,,,,
6/24/2021 8:15,63.711,6.471,,,,
6/24/2021 8:30,63.751,6.573,,,,
6/24/2021 8:45,63.731,6.775,,,,
6/24/2021 9:00,63.712,6.978,,,,
6/24/2021 9:15,63.756,7.28,,,,
6/24/2021 9:30,63.749,7.481,,,,
6/24/2021 9:45,63.783,7.882,,,,
6/24/2021 10:00,63.781,8.282,,,,
6/24/2021 10:15,63.732,8.779,,,,
6/24/2021 10:30,63.766,9.176,,,,
6/24/2021 10:45,63.814,9.669,,,,
6/24/2021 11:00,63.78,10.259,,,,
6/24/2021 11:15,63.765,10.651,,,,
6/24/2021 11:30,63.752,11.139,,,,
6/24/2021 11:45,63.69,11.625,,,,
6/24/2021 12:00,63.714,12.11,,,,
6/24/2021 12:15,63.747,12.497,,,,
6/24/2021 12:30,63.732,12.883,,,,
6/24/2021 12:45,63.716,13.269,,,,
6/24/2021 13:00,63.662,13.558,,,,
6/24/2021 13:15,63.656,13.846,,,,
6/24/2021 13:30,63.648,14.038,,,,
6/24/2021 13:45,63.601,14.134,,,,
6/24/2021 14:00,63.606,14.325,,,,
6/24/2021 14:15,63.608,14.421,,,,
6/24/2021 14:30,63.588,14.613,,,,
6/24/2021 14:45,63.527,14.613,,,,
6/24/2021 15:00,63.527,14.613,,,,
6/24/2021 15:15,63.539,14.613,,,,
6/24/2021 15:30,63.512,14.517,,,,
6/24/2021 15:45,63.481,14.23,,,,
6/24/2021 16:00,63.489,14.038,,,,
6/24/2021 16:15,63.484,13.846,,,,
6/24/2021 16:30,63.465,13.558,,,,
6/24/2021 16:45,63.471,13.269,,,,
6/24/2021 17:00,63.464,12.98,,,,
6/24/2021 17:15,63.46,12.787,,,,
6/24/2021 17:30,63.465,12.497,,,,
6/24/2021 17:45,63.473,12.304,,,,
6/24/2021 18:00,63.507,12.207,,,,
6/24/2021 18:15,63.515,12.013,,,,
6/24/2021 18:30,63.498,11.819,,,,
6/24/2021 18:45,63.455,11.528,,,,
6/24/2021 19:00,63.509,11.236,,,,
6/24/2021 19:15,63.517,11.041,,,,
6/24/2021 19:30,63.497,10.748,,,,
6/24/2021 19:45,63.529,10.553,,,,
6/24/2021 20:00,63.525,10.357,,,,
6/24/2021 20:15,63.557,10.161,,,,
6/24/2021 20:30,63.55,9.866,,,,
6/24/2021 20:45,63.56,9.768,,,,
6/24/2021 21:00,63.567,9.571,,,,
6/24/2021 21:15,63.552,9.472,,,,
6/24/2021 21:30,63.587,9.373,,,,
6/24/2021 21:45,63.572,9.275,,,,
6/24/2021 22:00,63.597,9.275,,,,
6/24/2021 22:15,63.57,9.176,,,,
6/24/2021 22:30,63.567,9.077,,,,
6/24/2021 22:45,63.58,9.077,,,,
6/24/2021 23:00,63.565,8.978,,,,
6/24/2021 23:15,63.577,8.978,,,,
6/24/2021 23:30,63.575,8.879,,,,
6/24/2021 23:45,63.563,8.879,,,,
6/25/2021 0:00,63.563,8.879,,,,
6/25/2021 0:15,63.56,8.779,,,,
6/25/2021 0:30,63.521,8.68,,,,
6/25/2021 0:45,63.531,8.581,,,,
6/25/2021 1:00,63.516,8.481,,,,
6/25/2021 1:15,63.499,8.282,,,,
6/25/2021 1:30,63.472,8.182,,,,
6/25/2021 1:45,63.482,8.082,,,,
6/25/2021 2:00,63.479,7.983,,,,
6/25/2021 2:15,63.44,7.882,,,,
6/25/2021 2:30,63.465,7.882,,,,
6/25/2021 2:45,63.45,7.782,,,,
6/25/2021 3:00,63.411,7.682,,,,
6/25/2021 3:15,63.448,7.682,,,,
6/25/2021 3:30,63.433,7.582,,,,
6/25/2021 3:45,63.418,7.481,,,,
6/25/2021 4:00,63.406,7.481,,,,
6/25/2021 4:15,63.416,7.381,,,,
6/25/2021 4:30,63.401,7.28,,,,
6/25/2021 4:45,63.374,7.179,,,,
6/25/2021 5:00,63.396,7.079,,,,
6/25/2021 5:15,63.406,6.978,,,,
6/25/2021 5:30,63.43,6.978,,,,
6/25/2021 5:45,63.391,6.877,,,,
6/25/2021 6:00,63.428,6.877,,,,
6/25/2021 6:15,63.44,6.877,,,,
6/25/2021 6:30,63.428,6.877,,,,
6/25/2021 6:45,63.464,6.877,,,,
6/25/2021 7:00,63.464,6.877,,,,
6/25/2021 7:15,63.442,6.978,,,,
6/25/2021 7:30,63.457,7.079,,,,
6/25/2021 7:45,63.469,7.079,,,,
6/25/2021 8:00,63.509,7.179,,,,
6/25/2021 8:15,63.496,7.179,,,,
6/25/2021 8:30,63.499,7.28,,,,
6/25/2021 8:45,63.526,7.381,,,,
6/25/2021 9:00,63.516,7.481,,,,
6/25/2021 9:15,63.531,7.582,,,,
6/25/2021 9:30,63.521,7.682,,,,
6/25/2021 9:45,63.523,7.782,,,,
6/25/2021 10:00,63.526,7.882,,,,
6/25/2021 10:15,63.528,7.983,,,,
6/25/2021 10:30,63.531,8.082,,,,
6/25/2021 10:45,63.546,8.182,,,,
6/25/2021 11:00,63.558,8.182,,,,
6/25/2021 11:15,63.511,8.282,,,,
6/25/2021 11:30,63.501,8.382,,,,
6/25/2021 11:45,63.514,8.382,,,,
6/25/2021 12:00,63.55,8.382,,,,
6/25/2021 12:15,63.553,8.481,,,,
6/25/2021 12:30,63.55,8.382,,,,
6/25/2021 12:45,63.563,8.382,,,,
6/25/2021 13:00,63.59,8.481,,,,
6/25/2021 13:15,63.58,8.581,,,,
6/25/2021 13:30,63.56,8.779,,,,
6/25/2021 13:45,63.663,8.978,,,,
6/25/2021 14:00,63.58,9.077,,,,
6/25/2021 14:15,63.535,9.275,,,,
6/25/2021 14:30,63.506,9.571,,,,
6/25/2021 14:45,63.474,9.768,,,,
6/25/2021 15:00,63.464,9.866,,,,
6/25/2021 15:15,63.434,10.161,,,,
6/25/2021 15:30,63.424,10.259,,,,
6/25/2021 15:45,63.441,10.455,,,,
6/25/2021 16:00,63.419,10.553,,,,
6/25/2021 16:15,63.382,10.553,,,,
6/25/2021 16:30,63.395,10.553,,,,
6/25/2021 16:45,63.392,10.455,,,,
6/25/2021 17:00,63.392,10.455,,,,
6/25/2021 17:15,63.402,10.357,,,,
6/25/2021 17:30,63.398,10.161,,,,
6/25/2021 17:45,63.395,10.063,,,,
6/25/2021 18:00,63.405,9.965,,,,
6/25/2021 18:15,63.4,9.768,,,,
6/25/2021 18:30,63.396,9.571,,,,
6/25/2021 18:45,63.391,9.373,,,,
6/25/2021 19:00,63.401,9.275,,,,
6/25/2021 19:15,63.42,9.077,,,,
6/25/2021 19:30,63.418,8.978,,,,
6/25/2021 19:45,63.452,8.879,,,,
6/25/2021 20:00,63.45,8.779,,,,
6/25/2021 20:15,63.46,8.68,,,,
6/25/2021 20:30,63.472,8.68,,,,
6/25/2021 20:45,63.445,8.581,,,,
6/25/2021 21:00,63.457,8.581,,,,
6/25/2021 21:15,63.479,8.481,,,,
6/25/2021 21:30,63.492,8.481,,,,
6/25/2021 21:45,63.501,8.382,,,,
6/25/2021 22:00,63.499,8.282,,,,
6/25/2021 22:15,63.487,8.282,,,,
6/25/2021 22:30,63.484,8.182,,,,
6/25/2021 22:45,63.509,8.182,,,,
6/25/2021 23:00,63.484,8.182,,,,
6/25/2021 23:15,63.482,8.082,,,,
6/25/2021 23:30,63.47,8.082,,,,
6/25/2021 23:45,63.479,7.983,,,,
6/26/2021 0:00,63.467,7.983,,,,
6/26/2021 0:15,63.501,7.882,,,,
6/26/2021 0:30,63.477,7.882,,,,
6/26/2021 0:45,63.465,7.882,,,,
6/26/2021 1:00,63.438,7.782,,,,
6/26/2021 1:15,63.413,7.782,,,,
6/26/2021 1:30,63.426,7.782,,,,
6/26/2021 1:45,63.399,7.682,,,,
6/26/2021 2:00,63.411,7.682,,,,
6/26/2021 2:15,63.399,7.682,,,,
6/26/2021 2:30,63.372,7.582,,,,
6/26/2021 2:45,63.359,7.582,,,,
6/26/2021 3:00,63.372,7.582,,,,
6/26/2021 3:15,63.381,7.481,,,,
6/26/2021 3:30,63.357,7.481,,,,
6/26/2021 3:45,63.357,7.481,,,,
6/26/2021 4:00,63.342,7.381,,,,
6/26/2021 4:15,63.342,7.381,,,,
6/26/2021 4:30,63.354,7.381,,,,
6/26/2021 4:45,63.367,7.381,,,,
6/26/2021 5:00,63.352,7.28,,,,
6/26/2021 5:15,63.34,7.28,,,,
6/26/2021 5:30,63.34,7.28,,,,
6/26/2021 5:45,63.364,7.28,,,,
6/26/2021 6:00,63.374,7.179,,,,
6/26/2021 6:15,63.35,7.179,,,,
6/26/2021 6:30,63.386,7.179,,,,
6/26/2021 6:45,63.396,7.079,,,,
6/26/2021 7:00,63.408,7.079,,,,
6/26/2021 7:15,63.408,7.079,,,,
6/26/2021 7:30,63.433,7.079,,,,
6/26/2021 7:45,63.445,7.079,,,,
6/26/2021 8:00,63.457,7.079,,,,
6/26/2021 8:15,63.469,7.079,,,,
6/26/2021 8:30,63.469,7.079,,,,
6/26/2021 8:45,63.484,7.179,,,,
6/26/2021 9:00,63.496,7.179,,,,
6/26/2021 9:15,63.501,7.381,,,,
6/26/2021 9:30,63.492,7.481,,,,
6/26/2021 9:45,63.472,7.682,,,,
6/26/2021 10:00,63.472,7.682,,,,
6/26/2021 10:15,63.501,7.882,,,,
6/26/2021 10:30,63.514,7.882,,,,
6/26/2021 10:45,63.492,7.983,,,,
6/26/2021 11:00,63.506,8.082,,,,
6/26/2021 11:15,63.509,8.182,,,,
6/26/2021 11:30,63.484,8.182,,,,
6/26/2021 11:45,63.475,8.282,,,,
6/26/2021 12:00,63.455,8.481,,,,
6/26/2021 12:15,63.496,8.68,,,,
6/26/2021 12:30,63.496,8.68,,,,
6/26/2021 12:45,63.499,8.779,,,,
6/26/2021 13:00,63.487,8.779,,,,
6/26/2021 13:15,63.477,8.879,,,,
6/26/2021 13:30,63.467,8.978,,,,
6/26/2021 13:45,63.467,8.978,,,,
6/26/2021 14:00,63.467,8.978,,,,
6/26/2021 14:15,63.457,9.077,,,,
6/26/2021 14:30,63.45,9.275,,,,
6/26/2021 14:45,63.442,9.472,,,,
6/26/2021 15:00,63.393,9.472,,,,
6/26/2021 15:15,63.398,9.669,,,,
6/26/2021 15:30,63.386,9.669,,,,
6/26/2021 15:45,63.388,9.768,,,,
6/26/2021 16:00,63.364,9.768,,,,
6/26/2021 16:15,63.376,9.768,,,,
6/26/2021 16:30,63.386,9.669,,,,
6/26/2021 16:45,63.373,9.669,,,,
6/26/2021 17:00,63.337,9.669,,,,
6/26/2021 17:15,63.359,9.571,,,,
6/26/2021 17:30,63.369,9.472,,,,
6/26/2021 17:45,63.366,9.373,,,,
6/26/2021 18:00,63.366,9.373,,,,
6/26/2021 18:15,63.376,9.275,,,,
6/26/2021 18:30,63.396,9.077,,,,
6/26/2021 18:45,63.357,8.978,,,,
6/26/2021 19:00,63.403,8.879,,,,
6/26/2021 19:15,63.401,8.779,,,,
6/26/2021 19:30,63.413,8.779,,,,
6/26/2021 19:45,63.423,8.68,,,,
6/26/2021 20:00,63.445,8.581,,,,
6/26/2021 20:15,63.479,8.481,,,,
6/26/2021 20:30,63.479,8.481,,,,
6/26/2021 20:45,63.501,8.382,,,,
6/26/2021 21:00,63.56,8.282,,,,
6/26/2021 21:15,63.585,8.282,,,,
6/26/2021 21:30,63.585,8.282,,,,
6/26/2021 21:45,63.594,8.182,,,,
6/26/2021 22:00,63.58,8.082,,,,
6/26/2021 22:15,63.604,8.082,,,,
6/26/2021 22:30,63.59,7.983,,,,
6/26/2021 22:45,63.602,7.983,,,,
6/26/2021 23:00,63.599,7.882,,,,
6/26/2021 23:15,63.585,7.782,,,,
6/26/2021 23:30,63.572,7.782,,,,
6/26/2021 23:45,63.582,7.682,,,,
6/27/2021 0:00,63.582,7.682,,,,
6/27/2021 0:15,63.558,7.682,,,,
6/27/2021 0:30,63.519,7.582,,,,
6/27/2021 0:45,63.531,7.582,,,,
6/27/2021 1:00,63.504,7.481,,,,
6/27/2021 1:15,63.528,7.481,,,,
6/27/2021 1:30,63.501,7.381,,,,
6/27/2021 1:45,63.496,7.179,,,,
6/27/2021 2:00,63.445,7.079,,,,
6/27/2021 2:15,63.467,6.978,,,,
6/27/2021 2:30,63.464,6.877,,,,
6/27/2021 2:45,63.437,6.775,,,,
6/27/2021 3:00,63.425,6.775,,,,
6/27/2021 3:15,63.425,6.775,,,,
6/27/2021 3:30,63.386,6.674,,,,
6/27/2021 3:45,63.41,6.674,,,,
6/27/2021 4:00,63.398,6.674,,,,
6/27/2021 4:15,63.374,6.674,,,,
6/27/2021 4:30,63.386,6.674,,,,
6/27/2021 4:45,63.374,6.674,,,,
6/27/2021 5:00,63.383,6.573,,,,
6/27/2021 5:15,63.383,6.573,,,,
6/27/2021 5:30,63.393,6.471,,,,
6/27/2021 5:45,63.381,6.471,,,,
6/27/2021 6:00,63.344,6.471,,,,
6/27/2021 6:15,63.393,6.471,,,,
6/27/2021 6:30,63.403,6.37,,,,
6/27/2021 6:45,63.378,6.37,,,,
6/27/2021 7:00,63.415,6.37,,,,
6/27/2021 7:15,63.427,6.37,,,,
6/27/2021 7:30,63.464,6.37,,,,
6/27/2021 7:45,63.454,6.471,,,,
6/27/2021 8:00,63.454,6.471,,,,
6/27/2021 8:15,63.457,6.573,,,,
6/27/2021 8:30,63.469,6.573,,,,
6/27/2021 8:45,63.459,6.674,,,,
6/27/2021 9:00,63.464,6.877,,,,
6/27/2021 9:15,63.445,7.079,,,,
6/27/2021 9:30,63.447,7.179,,,,
6/27/2021 9:45,63.462,7.28,,,,
6/27/2021 10:00,63.467,7.481,,,,
6/27/2021 10:15,63.497,7.682,,,,
6/27/2021 10:30,63.499,7.782,,,,
6/27/2021 10:45,63.479,7.983,,,,
6/27/2021 11:00,63.506,8.082,,,,
6/27/2021 11:15,63.484,8.182,,,,
6/27/2021 11:30,63.475,8.282,,,,
6/27/2021 11:45,63.465,8.382,,,,
6/27/2021 12:00,63.443,8.481,,,,
6/27/2021 12:15,63.46,8.68,,,,
6/27/2021 12:30,63.438,8.779,,,,
6/27/2021 12:45,63.452,8.879,,,,
6/27/2021 13:00,63.428,8.879,,,,
6/27/2021 13:15,63.418,8.978,,,,
6/27/2021 13:30,63.381,8.978,,,,
6/27/2021 13:45,63.381,8.978,,,,
6/27/2021 14:00,63.359,9.077,,,,
6/27/2021 14:15,63.337,9.176,,,,
6/27/2021 14:30,63.337,9.176,,,,
6/27/2021 14:45,63.335,9.077,,,,
6/27/2021 15:00,63.286,9.077,,,,
6/27/2021 15:15,63.273,9.077,,,,
6/27/2021 15:30,63.273,9.077,,,,
6/27/2021 15:45,63.273,9.077,,,,
6/27/2021 16:00,63.271,8.978,,,,
6/27/2021 16:15,63.281,8.879,,,,
6/27/2021 16:30,63.281,8.879,,,,
6/27/2021 16:45,63.281,8.879,,,,
6/27/2021 17:00,63.293,8.879,,,,
6/27/2021 17:15,63.303,8.779,,,,
6/27/2021 17:30,63.276,8.68,,,,
6/27/2021 17:45,63.298,8.581,,,,
6/27/2021 18:00,63.286,8.581,,,,
6/27/2021 18:15,63.32,8.481,,,,
6/27/2021 18:30,63.33,8.382,,,,
6/27/2021 18:45,63.34,8.282,,,,
6/27/2021 19:00,63.337,8.182,,,,
6/27/2021 19:15,63.35,8.182,,,,
6/27/2021 19:30,63.372,8.082,,,,
6/27/2021 19:45,63.396,8.082,,,,
6/27/2021 20:00,63.418,7.983,,,,
6/27/2021 20:15,63.418,7.983,,,,
6/27/2021 20:30,63.416,7.882,,,,
6/27/2021 20:45,63.428,7.882,,,,
6/27/2021 21:00,63.428,7.882,,,,
6/27/2021 21:15,63.426,7.782,,,,
6/27/2021 21:30,63.438,7.782,,,,
6/27/2021 21:45,63.45,7.782,,,,
6/27/2021 22:00,63.448,7.682,,,,
6/27/2021 22:15,63.448,7.682,,,,
6/27/2021 22:30,63.435,7.682,,,,
6/27/2021 22:45,63.457,7.582,,,,
6/27/2021 23:00,63.445,7.582,,,,
6/27/2021 23:15,63.443,7.481,,,,
6/27/2021 23:30,63.43,7.481,,,,
6/27/2021 23:45,63.43,7.481,,,,
6/28/2021 0:00,63.443,7.481,,,,
6/28/2021 0:15,63.44,7.381,,,,
6/28/2021 0:30,63.428,7.381,,,,
6/28/2021 0:45,63.413,7.28,,,,
6/28/2021 1:00,63.389,7.28,,,,
6/28/2021 1:15,63.386,7.179,,,,
6/28/2021 1:30,63.337,7.179,,,,
6/28/2021 1:45,63.337,7.179,,,,
6/28/2021 2:00,63.35,7.179,,,,
6/28/2021 2:15,63.335,7.079,,,,
6/28/2021 2:30,63.335,7.079,,,,
6/28/2021 2:45,63.323,7.079,,,,
6/28/2021 3:00,63.31,7.079,,,,
6/28/2021 3:15,63.308,6.978,,,,
6/28/2021 3:30,63.283,6.978,,,,
6/28/2021 3:45,63.308,6.978,,,,
6/28/2021 4:00,63.293,6.877,,,,
6/28/2021 4:15,63.305,6.877,,,,
6/28/2021 4:30,63.293,6.877,,,,
6/28/2021 4:45,63.318,6.877,,,,
6/28/2021 5:00,63.33,6.877,,,,
6/28/2021 5:15,63.327,6.775,,,,
6/28/2021 5:30,63.315,6.775,,,,
6/28/2021 5:45,63.327,6.775,,,,
6/28/2021 6:00,63.325,6.674,,,,
6/28/2021 6:15,63.313,6.674,,,,
6/28/2021 6:30,63.337,6.674,,,,
6/28/2021 6:45,63.349,6.674,,,,
6/28/2021 7:00,63.347,6.573,,,,
6/28/2021 7:15,63.371,6.573,,,,
6/28/2021 7:30,63.371,6.573,,,,
6/28/2021 7:45,63.371,6.573,,,,
6/28/2021 8:00,63.423,6.674,,,,
6/28/2021 8:15,63.459,6.674,,,,
6/28/2021 8:30,63.459,6.674,,,,
6/28/2021 8:45,63.437,6.775,,,,
6/28/2021 9:00,63.474,6.775,,,,
6/28/2021 9:15,63.474,6.775,,,,
6/28/2021 9:30,63.474,6.775,,,,
6/28/2021 9:45,63.489,6.877,,,,
6/28/2021 10:00,63.489,6.877,,,,
6/28/2021 10:15,63.526,6.877,,,,
6/28/2021 10:30,63.516,6.978,,,,
6/28/2021 10:45,63.553,6.978,,,,
6/28/2021 11:00,63.528,6.978,,,,
6/28/2021 11:15,63.531,7.079,,,,
6/28/2021 11:30,63.518,7.079,,,,
6/28/2021 11:45,63.499,7.28,,,,
6/28/2021 12:00,63.477,7.381,,,,
6/28/2021 12:15,63.489,7.381,,,,
6/28/2021 12:30,63.455,7.481,,,,
6/28/2021 12:45,63.435,7.682,,,,
6/28/2021 13:00,63.428,7.882,,,,
6/28/2021 13:07,,,,,,
6/28/2021 13:08,,,,,,
6/28/2021 13:08,,,,,,
