metadata,,,,,,,,,,,,,,,,,,,,,,,,,,,,,,,,
ID,name,desc,time,keywords,minlat,minlon,,,,maxlat,maxlon,,,,,,,,,,,,,,,,,,,,,
1,,,2021-07-01T16:06:36Z,,###############################################################################################################################################################################################################################################################,-78.20276658,,,,-0.325758811,-78.1996895,,,,,,,,,,,,,,,,,,,,,
,,,,,,,,,,,,,,,,,,,,,,,,,,,,,,,,
author,,,,,,,,,,,,,,,,,,,,,,,,,,,,,,,,
ID,name,email,,,,,,,,,,,,,,,,,,,,,,,,,,,,,,
,,,,,,,,,,,,,,,,,,,,,,,,,,,,,,,,
copyright,,,,,,,,,,,,,,,,,,,,,,,,,,,,,,,,
year,license,author,,,,,,,,,,,,,,,,,,,,,,,,,,,,,,
,,,,,,,,,,,,,,,,,,,,,,,,,,,,,,,,
link,,,,,,,,,,,,,,,,,,,,,,,,,,,,,,,,
metadataID,authorID,wptID,rteptID,trkptID,rteID,trkID,,,,text,type,href,,,,,,,,,,,,,,,,,,,,
1,,,,,,,,,,Garmin International,,http://www.garmin.com,,,,,,,,,,,,,,,,,,,,
,,,,,,,,,,,,,,,,,,,,,,,,,,,,,,,,
rte,,,,,,,,,,,,,,,,,,,,,,,,,,,,,,,,
ID,name,cmt,desc,src,number,type,,,,IsAutoNamed,DisplayColor,TransportationMode,TripName,Date,DayNumber,,,,,,,,,,,,,,,,,
,,,,,,,,,,,,,,,,,,,,,,,,,,,,,,,,
rtept,,,,,,,,,,,,,,,,,,,,,,,,,,,,,,,,
ID,rteID,lat,lon,ele,time,magvar,,,,geoidheight,name,cmt,desc,src,sym,type,fix,sat,hdop,vdop,pdop,ageofdgpsdata,dgpsid,DepartureTime,StopDuration,ArrivalTime,CalculationMode,ElevationMode,NamedRoad_Name,NamedRoad_Id,NamedRoad_ProductId,TransportationMode
,,,,,,,,,,,,,,,,,,,,,,,,,,,,,,,,
wpt,,,,,,,,,,,,,,,,,,,,,,,,,,,,,,,,
ID,lat,lon,ele,time,magvar,geoidheight,,,,name,cmt,desc,src,sym,type,fix,sat,hdop,vdop,pdop,ageofdgpsdata,dgpsid,Proximity,Temperature,Depth,DisplayMode,Samples,Expiration,CreationTime,,,
,,,,,,,,,,,,,,,,,,,,,,,,,,,,,,,,
Address,,,,,,,,,,,,,,,,,,,,,,,,,,,,,,,,
wptID,StreetAddress1,StreetAddress2,City,State,Country,PostalCode,,,,,,,,,,,,,,,,,,,,,,,,,,
,,,,,,,,,,,,,,,,,,,,,,,,,,,,,,,,
PhoneNumber,,,,,,,,,,,,,,,,,,,,,,,,,,,,,,,,
wptID,Category,value,,,,,,,,,,,,,,,,,,,,,,,,,,,,,,
,,,,,,,,,,,,,,,,,,,,,,,,,,,,,,,,
Categories,,,,,,,,,,,,,,,,,,,,,,,,,,,,,,,,
wptID,Category,,,,,,,,,,,,,,,,,,,,,,,,,,,,,,,
,,,,,,,,,,,,,,,,,,,,,,,,,,,,,,,,
trk,,,,,,,,,,,,,,,,,,,,,,,,,,,,,,,,
ID,name,cmt,desc,src,number,type,,,,DisplayColor,,,,,,,,,,,,,,,,,,,,,,
1,2021-06-29 SYNOPTIC,,,,,,,,,Cyan,,,,,,,,,,,,,,,,,,,,,,
,,,,,,,,,,,,,,,,,,,,,,,,,,,,,,,,
trkseg,,,,,,,,,,,,,,,,,,,,,,,,,,,,,,,,
ID,trkID,,,,,,,,,,,,,,,,,,,,,,,,,,,,,,,
1,1,,,,,,,,,,,,,,,,,,,,,,,,,,,,,,,
,,,,,,,,,,,,,,,,,,,,,,,,,,,,,,,,
trkpt,,,,,,,,,,,,,,,,,,,,,,,,,,,,,,,,
ID,trksegID,lat,lon,ele,Date,,,,,,,,,,,,,,,,,,,,,,,,,,,
1,1,-0.329321455,-78.20185555,4098.72,6/29/21 0:00,14:42:32,9:42:32,,,,,,,,,,,,,,,,,,,,,,,,,
2,1,-0.32954324,-78.20273548,4083.82,6/29/21 0:00,14:43:02,9:43:02,,,,,,,,,,,,,,,,,,,,,,,,,
3,1,-0.329551958,-78.20274378,4081.41,6/29/21 0:00,14:43:32,9:43:32,,,,,,,,,,,,,,,,,,,,,,,,,
4,1,-0.329562435,-78.20273917,4080.45,6/29/21 0:00,14:44:02,9:44:02,,,,,,,,,,,,,,,,,,,,,,,,,
5,1,-0.329564279,-78.20276658,4078.53,6/29/21 0:00,14:44:32,9:44:32,,,,,,,,,,,,,,,,,,,,,,,,,
6,1,-0.329560339,-78.20275107,4081.9,6/29/21 0:00,14:45:02,9:45:02,,,,,,,,,,,,,,,,,,,,,,,,,
7,1,-0.329533685,-78.20273356,4082.38,6/29/21 0:00,14:45:32,9:45:32,,,,,,,,,,,,,,,,,,,,,,,,,
8,1,-0.329427654,-78.20252091,4085.74,6/29/21 0:00,14:46:02,9:46:02,,,,,,,,,,,,,,,,,,,,,,,,,
9,1,-0.329386918,-78.20223022,4085.74,6/29/21 0:00,14:46:32,9:46:32,,,,,,,,,,,,,,,,,,,,,,,,,
10,1,-0.32933034,-78.20197097,4087.66,6/29/21 0:00,14:47:02,9:47:02,,,,,,,,,,,,,,,,,,,,,,,,,
11,1,-0.32931014,-78.20195186,4088.62,6/29/21 0:00,14:47:32,9:47:32,,,,,,,,,,,,,,,,,,,,,,,,,
12,1,-0.329337632,-78.20192085,4085.74,6/29/21 0:00,14:48:02,9:48:02,,,,,,,,,,,,,,,,,,,,,,,,,
13,1,-0.329293543,-78.20187399,4084.78,6/29/21 0:00,14:48:32,9:48:32,,,,,,,,,,,,,,,,,,,,,,,,,
14,1,-0.329263201,-78.20183569,4084.3,6/29/21 0:00,14:49:02,9:49:02,,,,,,,,,,,,,,,,,,,,,,,,,
15,1,-0.329241995,-78.20180342,4085.74,6/29/21 0:00,14:49:32,9:49:32,,,,,,,,,,,,,,,,,,,,,,,,,
16,1,-0.329219028,-78.20176092,4090.07,6/29/21 0:00,14:50:02,9:50:02,,,,,,,,,,,,,,,,,,,,,,,,,
17,1,-0.329209473,-78.2017465,4090.55,6/29/21 0:00,14:50:32,9:50:32,,,,,,,,,,,,,,,,,,,,,,,,,
18,1,-0.329216933,-78.20173611,4089.1,6/29/21 0:00,14:51:02,9:51:02,,,,,,,,,,,,,,,,,,,,,,,,,
19,1,-0.329215592,-78.2017429,4088.62,6/29/21 0:00,14:51:32,9:51:32,,,,,,,,,,,,,,,,,,,,,,,,,
20,1,-0.329208216,-78.20174206,4088.14,6/29/21 0:00,14:52:02,9:52:02,,,,,,,,,,,,,,,,,,,,,,,,,
21,1,-0.329192458,-78.20175103,4087.66,6/29/21 0:00,14:52:32,9:52:32,,,,,,,,,,,,,,,,,,,,,,,,,
22,1,-0.329192458,-78.20172035,4091.51,6/29/21 0:00,14:53:02,9:53:02,,,,,,,,,,,,,,,,,,,,,,,,,
23,1,-0.329209724,-78.20173351,4092.47,6/29/21 0:00,14:53:32,9:53:32,,,,,,,,,,,,,,,,,,,,,,,,,
24,1,-0.329217017,-78.2017201,4091.99,6/29/21 0:00,14:54:02,9:54:02,,,,,,,,,,,,,,,,,,,,,,,,,
25,1,-0.329211066,-78.20171515,4092.47,6/29/21 0:00,14:54:32,9:54:32,,,,,,,,,,,,,,,,,,,,,,,,,
26,1,-0.329202516,-78.20171205,4092.47,6/29/21 0:00,14:55:02,9:55:02,,,,,,,,,,,,,,,,,,,,,,,,,
27,1,-0.329189189,-78.20170761,4093.43,6/29/21 0:00,14:55:32,9:55:32,,,,,,,,,,,,,,,,,,,,,,,,,
28,1,-0.329206204,-78.20172505,4093.91,6/29/21 0:00,14:56:02,9:56:02,,,,,,,,,,,,,,,,,,,,,,,,,
29,1,-0.329192793,-78.20173192,4093.43,6/29/21 0:00,14:56:32,9:56:32,,,,,,,,,,,,,,,,,,,,,,,,,
30,1,-0.329199666,-78.20174005,4092.95,6/29/21 0:00,14:56:50,9:56:50,,,,,,,,,,,,,,,,,,,,,,,,,
31,1,-0.329207042,-78.20171951,4092.95,6/29/21 0:00,15:14:34,10:14:34,,,,,,,,,,,,,,,,,,,,,,,,,
32,1,-0.32912381,-78.20160259,4096.31,6/29/21 0:00,15:15:05,10:15:05,,,,,,,,,,,,,,,,,,,,,,,,,
33,1,-0.329128001,-78.20160217,4095.83,6/29/21 0:00,15:15:35,10:15:35,,,,,,,,,,,,,,,,,,,,,,,,,
34,1,-0.329127079,-78.20158934,4091.51,6/29/21 0:00,15:16:05,10:16:05,,,,,,,,,,,,,,,,,,,,,,,,,
35,1,-0.329130935,-78.20160845,4092.47,6/29/21 0:00,15:16:35,10:16:35,,,,,,,,,,,,,,,,,,,,,,,,,
36,1,-0.329136383,-78.20160745,4091.99,6/29/21 0:00,15:17:05,10:17:05,,,,,,,,,,,,,,,,,,,,,,,,,
37,1,-0.329128504,-78.20159613,4092.47,6/29/21 0:00,15:17:35,10:17:35,,,,,,,,,,,,,,,,,,,,,,,,,
38,1,-0.329134371,-78.20160342,4091.51,6/29/21 0:00,15:18:05,10:18:05,,,,,,,,,,,,,,,,,,,,,,,,,
39,1,-0.329127414,-78.20161608,4091.51,6/29/21 0:00,15:18:35,10:18:35,,,,,,,,,,,,,,,,,,,,,,,,,
40,1,-0.329119284,-78.2016087,4090.07,6/29/21 0:00,15:19:05,10:19:05,,,,,,,,,,,,,,,,,,,,,,,,,
41,1,-0.329131354,-78.20160653,4091.03,6/29/21 0:00,15:19:35,10:19:35,,,,,,,,,,,,,,,,,,,,,,,,,
42,1,-0.32912733,-78.20159898,4094.39,6/29/21 0:00,15:20:05,10:20:05,,,,,,,,,,,,,,,,,,,,,,,,,
43,1,-0.329112578,-78.20160166,4094.39,6/29/21 0:00,15:20:35,10:20:35,,,,,,,,,,,,,,,,,,,,,,,,,
44,1,-0.329112159,-78.20159705,4093.43,6/29/21 0:00,15:21:05,10:21:05,,,,,,,,,,,,,,,,,,,,,,,,,
45,1,-0.329121295,-78.2015958,4092.47,6/29/21 0:00,15:21:35,10:21:35,,,,,,,,,,,,,,,,,,,,,,,,,
46,1,-0.329111321,-78.20163142,4094.87,6/29/21 0:00,15:22:05,10:22:05,,,,,,,,,,,,,,,,,,,,,,,,,
47,1,-0.32911811,-78.20158641,4094.87,6/29/21 0:00,15:22:35,10:22:35,,,,,,,,,,,,,,,,,,,,,,,,,
48,1,-0.329116099,-78.20159974,4095.83,6/29/21 0:00,15:23:05,10:23:05,,,,,,,,,,,,,,,,,,,,,,,,,
49,1,-0.329135042,-78.20162656,4094.87,6/29/21 0:00,15:23:35,10:23:35,,,,,,,,,,,,,,,,,,,,,,,,,
50,1,-0.329138897,-78.20158524,4093.43,6/29/21 0:00,15:24:05,10:24:05,,,,,,,,,,,,,,,,,,,,,,,,,
51,1,-0.329136299,-78.20160217,4092.47,6/29/21 0:00,15:24:35,10:24:35,,,,,,,,,,,,,,,,,,,,,,,,,
52,1,-0.329123894,-78.20161038,4091.51,6/29/21 0:00,15:25:05,10:25:05,,,,,,,,,,,,,,,,,,,,,,,,,
53,1,-0.329131102,-78.20161709,4091.99,6/29/21 0:00,15:25:35,10:25:35,,,,,,,,,,,,,,,,,,,,,,,,,
54,1,-0.329114255,-78.2015958,4086.7,6/29/21 0:00,15:26:05,10:26:05,,,,,,,,,,,,,,,,,,,,,,,,,
55,1,-0.329128001,-78.20159907,4089.1,6/29/21 0:00,15:26:35,10:26:35,,,,,,,,,,,,,,,,,,,,,,,,,
56,1,-0.329127666,-78.20159814,4091.51,6/29/21 0:00,15:27:05,10:27:05,,,,,,,,,,,,,,,,,,,,,,,,,
57,1,-0.329124732,-78.20159622,4091.99,6/29/21 0:00,15:27:35,10:27:35,,,,,,,,,,,,,,,,,,,,,,,,,
58,1,-0.329119703,-78.20156679,4089.59,6/29/21 0:00,15:28:05,10:28:05,,,,,,,,,,,,,,,,,,,,,,,,,
59,1,-0.329118362,-78.20157685,4090.55,6/29/21 0:00,15:28:35,10:28:35,,,,,,,,,,,,,,,,,,,,,,,,,
60,1,-0.329028508,-78.20157375,4091.03,6/29/21 0:00,15:29:05,10:29:05,,,,,,,,,,,,,,,,,,,,,,,,,
61,1,-0.328933457,-78.20157601,4093.91,6/29/21 0:00,15:29:35,10:29:35,,,,,,,,,,,,,,,,,,,,,,,,,
62,1,-0.329116769,-78.20156864,4090.07,6/29/21 0:00,15:30:05,10:30:05,,,,,,,,,,,,,,,,,,,,,,,,,
63,1,-0.329101179,-78.2015352,4092.95,6/29/21 0:00,15:30:35,10:30:35,,,,,,,,,,,,,,,,,,,,,,,,,
64,1,-0.329079051,-78.20149329,4096.31,6/29/21 0:00,15:31:05,10:31:05,,,,,,,,,,,,,,,,,,,,,,,,,
65,1,-0.329025239,-78.20158054,4093.91,6/29/21 0:00,15:31:35,10:31:35,,,,,,,,,,,,,,,,,,,,,,,,,
66,1,-0.328969751,-78.20156621,4091.99,6/29/21 0:00,15:32:05,10:32:05,,,,,,,,,,,,,,,,,,,,,,,,,
67,1,-0.328970924,-78.20154752,4093.43,6/29/21 0:00,15:32:35,10:32:35,,,,,,,,,,,,,,,,,,,,,,,,,
68,1,-0.328963632,-78.20154509,4094.39,6/29/21 0:00,15:33:05,10:33:05,,,,,,,,,,,,,,,,,,,,,,,,,
69,1,-0.328965057,-78.20153561,4097.28,6/29/21 0:00,15:33:35,10:33:35,,,,,,,,,,,,,,,,,,,,,,,,,
70,1,-0.328964386,-78.20156218,4097.28,6/29/21 0:00,15:34:05,10:34:05,,,,,,,,,,,,,,,,,,,,,,,,,
71,1,-0.328990789,-78.20156378,4096.8,6/29/21 0:00,15:34:35,10:34:35,,,,,,,,,,,,,,,,,,,,,,,,,
72,1,-0.329033285,-78.20155791,4094.87,6/29/21 0:00,15:35:05,10:35:05,,,,,,,,,,,,,,,,,,,,,,,,,
73,1,-0.329126157,-78.20157283,4089.59,6/29/21 0:00,15:35:35,10:35:35,,,,,,,,,,,,,,,,,,,,,,,,,
74,1,-0.329045104,-78.20157509,4091.99,6/29/21 0:00,15:36:05,10:36:05,,,,,,,,,,,,,,,,,,,,,,,,,
75,1,-0.328969918,-78.20156688,4092.95,6/29/21 0:00,15:36:35,10:36:35,,,,,,,,,,,,,,,,,,,,,,,,,
76,1,-0.328965224,-78.20156084,4094.87,6/29/21 0:00,15:37:05,10:37:05,,,,,,,,,,,,,,,,,,,,,,,,,
77,1,-0.328988023,-78.2015771,4092.47,6/29/21 0:00,15:37:35,10:37:35,,,,,,,,,,,,,,,,,,,,,,,,,
78,1,-0.3289726,-78.20155087,4093.43,6/29/21 0:00,15:38:05,10:38:05,,,,,,,,,,,,,,,,,,,,,,,,,
79,1,-0.328971846,-78.20156906,4091.99,6/29/21 0:00,15:38:35,10:38:35,,,,,,,,,,,,,,,,,,,,,,,,,
80,1,-0.328975953,-78.20156847,4092.95,6/29/21 0:00,15:39:05,10:39:05,,,,,,,,,,,,,,,,,,,,,,,,,
81,1,-0.328985173,-78.20157954,4094.87,6/29/21 0:00,15:39:35,10:39:35,,,,,,,,,,,,,,,,,,,,,,,,,
82,1,-0.328979306,-78.20158934,4091.51,6/29/21 0:00,15:40:05,10:40:05,,,,,,,,,,,,,,,,,,,,,,,,,
83,1,-0.328985006,-78.20158708,4092.47,6/29/21 0:00,15:40:35,10:40:35,,,,,,,,,,,,,,,,,,,,,,,,,
84,1,-0.328978216,-78.20156897,4093.43,6/29/21 0:00,15:41:05,10:41:05,,,,,,,,,,,,,,,,,,,,,,,,,
85,1,-0.328990035,-78.20156646,4092.95,6/29/21 0:00,15:41:35,10:41:35,,,,,,,,,,,,,,,,,,,,,,,,,
86,1,-0.328990705,-78.20156939,4091.99,6/29/21 0:00,15:42:05,10:42:05,,,,,,,,,,,,,,,,,,,,,,,,,
87,1,-0.328970756,-78.20155162,4092.47,6/29/21 0:00,15:42:35,10:42:35,,,,,,,,,,,,,,,,,,,,,,,,,
88,1,-0.328960111,-78.2015699,4093.43,6/29/21 0:00,15:43:05,10:43:05,,,,,,,,,,,,,,,,,,,,,,,,,
89,1,-0.328981569,-78.20156101,4094.87,6/29/21 0:00,15:43:35,10:43:35,,,,,,,,,,,,,,,,,,,,,,,,,
90,1,-0.328977713,-78.20156428,4093.91,6/29/21 0:00,15:44:05,10:44:05,,,,,,,,,,,,,,,,,,,,,,,,,
91,1,-0.328973774,-78.20155875,4094.87,6/29/21 0:00,15:44:35,10:44:35,,,,,,,,,,,,,,,,,,,,,,,,,
92,1,-0.328989364,-78.20156763,4093.43,6/29/21 0:00,15:45:05,10:45:05,,,,,,,,,,,,,,,,,,,,,,,,,
93,1,-0.328994393,-78.20158456,4096.8,6/29/21 0:00,15:45:35,10:45:35,,,,,,,,,,,,,,,,,,,,,,,,,
94,1,-0.328992717,-78.20159077,4096.8,6/29/21 0:00,15:46:05,10:46:05,,,,,,,,,,,,,,,,,,,,,,,,,
95,1,-0.328963632,-78.20159152,4094.39,6/29/21 0:00,15:46:35,10:46:35,,,,,,,,,,,,,,,,,,,,,,,,,
96,1,-0.32898115,-78.20157987,4093.91,6/29/21 0:00,15:47:05,10:47:05,,,,,,,,,,,,,,,,,,,,,,,,,
97,1,-0.328981653,-78.20157543,4092.47,6/29/21 0:00,15:47:35,10:47:35,,,,,,,,,,,,,,,,,,,,,,,,,
98,1,-0.328986011,-78.20159923,4094.87,6/29/21 0:00,15:48:05,10:48:05,,,,,,,,,,,,,,,,,,,,,,,,,
99,1,-0.328978971,-78.2015818,4095.83,6/29/21 0:00,15:48:35,10:48:35,,,,,,,,,,,,,,,,,,,,,,,,,
100,1,-0.328972517,-78.20154433,4096.8,6/29/21 0:00,15:49:05,10:49:05,,,,,,,,,,,,,,,,,,,,,,,,,
101,1,-0.328964889,-78.20153469,4098.72,6/29/21 0:00,15:49:35,10:49:35,,,,,,,,,,,,,,,,,,,,,,,,,
102,1,-0.328969751,-78.2015533,4097.76,6/29/21 0:00,15:50:05,10:50:05,,,,,,,,,,,,,,,,,,,,,,,,,
103,1,-0.328966733,-78.20157149,4094.87,6/29/21 0:00,15:50:35,10:50:35,,,,,,,,,,,,,,,,,,,,,,,,,
104,1,-0.328977294,-78.20158892,4094.87,6/29/21 0:00,15:51:05,10:51:05,,,,,,,,,,,,,,,,,,,,,,,,,
105,1,-0.328976037,-78.20157249,4094.39,6/29/21 0:00,15:51:35,10:51:35,,,,,,,,,,,,,,,,,,,,,,,,,
106,1,-0.328977462,-78.20156277,4092.47,6/29/21 0:00,15:52:05,10:52:05,,,,,,,,,,,,,,,,,,,,,,,,,
107,1,-0.328968074,-78.20157325,4095.35,6/29/21 0:00,15:52:35,10:52:35,,,,,,,,,,,,,,,,,,,,,,,,,
108,1,-0.328907222,-78.20160418,4095.35,6/29/21 0:00,15:53:05,10:53:05,,,,,,,,,,,,,,,,,,,,,,,,,
109,1,-0.328873191,-78.20155405,4095.83,6/29/21 0:00,15:53:35,10:53:35,,,,,,,,,,,,,,,,,,,,,,,,,
110,1,-0.32887185,-78.20156914,4095.83,6/29/21 0:00,15:54:05,10:54:05,,,,,,,,,,,,,,,,,,,,,,,,,
111,1,-0.328902192,-78.20154349,4095.83,6/29/21 0:00,15:54:35,10:54:35,,,,,,,,,,,,,,,,,,,,,,,,,
112,1,-0.328875287,-78.20156629,4097.28,6/29/21 0:00,15:55:05,10:55:05,,,,,,,,,,,,,,,,,,,,,,,,,
113,1,-0.328830779,-78.20152053,4095.83,6/29/21 0:00,15:55:35,10:55:35,,,,,,,,,,,,,,,,,,,,,,,,,
114,1,-0.32883497,-78.20153754,4094.39,6/29/21 0:00,15:56:05,10:56:05,,,,,,,,,,,,,,,,,,,,,,,,,
115,1,-0.328851985,-78.20154089,4093.91,6/29/21 0:00,15:56:35,10:56:35,,,,,,,,,,,,,,,,,,,,,,,,,
116,1,-0.328849554,-78.20153343,4093.91,6/29/21 0:00,15:57:05,10:57:05,,,,,,,,,,,,,,,,,,,,,,,,,
117,1,-0.328853745,-78.20153444,4094.87,6/29/21 0:00,15:57:35,10:57:35,,,,,,,,,,,,,,,,,,,,,,,,,
118,1,-0.328854248,-78.2015357,4094.87,6/29/21 0:00,15:58:05,10:58:05,,,,,,,,,,,,,,,,,,,,,,,,,
119,1,-0.328855505,-78.20154735,4093.91,6/29/21 0:00,15:58:35,10:58:35,,,,,,,,,,,,,,,,,,,,,,,,,
120,1,-0.328841591,-78.20154592,4095.35,6/29/21 0:00,15:59:05,10:59:05,,,,,,,,,,,,,,,,,,,,,,,,,
121,1,-0.328832539,-78.20153863,4096.31,6/29/21 0:00,15:59:35,10:59:35,,,,,,,,,,,,,,,,,,,,,,,,,
122,1,-0.328819295,-78.20153687,4095.83,6/29/21 0:00,16:00:05,11:00:05,,,,,,,,,,,,,,,,,,,,,,,,,
123,1,-0.328825247,-78.20154651,4099.2,6/29/21 0:00,16:00:35,11:00:35,,,,,,,,,,,,,,,,,,,,,,,,,
124,1,-0.328844609,-78.20153201,4094.87,6/29/21 0:00,16:01:05,11:01:05,,,,,,,,,,,,,,,,,,,,,,,,,
125,1,-0.328839412,-78.20151147,4096.31,6/29/21 0:00,16:01:35,11:01:35,,,,,,,,,,,,,,,,,,,,,,,,,
126,1,-0.328871347,-78.20155322,4098.24,6/29/21 0:00,16:02:05,11:02:05,,,,,,,,,,,,,,,,,,,,,,,,,
127,1,-0.328846872,-78.20155053,4098.72,6/29/21 0:00,16:02:35,11:02:35,,,,,,,,,,,,,,,,,,,,,,,,,
128,1,-0.328849554,-78.20155607,4099.2,6/29/21 0:00,16:03:05,11:03:05,,,,,,,,,,,,,,,,,,,,,,,,,
129,1,-0.328861373,-78.20154509,4097.28,6/29/21 0:00,16:03:35,11:03:35,,,,,,,,,,,,,,,,,,,,,,,,,
130,1,-0.328834131,-78.20161524,4093.91,6/29/21 0:00,16:04:05,11:04:05,,,,,,,,,,,,,,,,,,,,,,,,,
131,1,-0.328816865,-78.20156788,4094.87,6/29/21 0:00,16:04:35,11:04:35,,,,,,,,,,,,,,,,,,,,,,,,,
132,1,-0.328828935,-78.2015445,4094.87,6/29/21 0:00,16:05:05,11:05:05,,,,,,,,,,,,,,,,,,,,,,,,,
133,1,-0.328833461,-78.20154274,4097.76,6/29/21 0:00,16:05:35,11:05:35,,,,,,,,,,,,,,,,,,,,,,,,,
134,1,-0.328831114,-78.20153159,4097.28,6/29/21 0:00,16:06:05,11:06:05,,,,,,,,,,,,,,,,,,,,,,,,,
135,1,-0.328834215,-78.20153754,4096.8,6/29/21 0:00,16:06:35,11:06:35,,,,,,,,,,,,,,,,,,,,,,,,,
136,1,-0.328819882,-78.20153754,4097.76,6/29/21 0:00,16:07:05,11:07:05,,,,,,,,,,,,,,,,,,,,,,,,,
137,1,-0.328838322,-78.20153981,4096.8,6/29/21 0:00,16:07:35,11:07:35,,,,,,,,,,,,,,,,,,,,,,,,,
138,1,-0.328853913,-78.201544,4099.2,6/29/21 0:00,16:08:05,11:08:05,,,,,,,,,,,,,,,,,,,,,,,,,
139,1,-0.328854248,-78.20153369,4099.2,6/29/21 0:00,16:08:35,11:08:35,,,,,,,,,,,,,,,,,,,,,,,,,
140,1,-0.328835975,-78.20152463,4100.64,6/29/21 0:00,16:09:05,11:09:05,,,,,,,,,,,,,,,,,,,,,,,,,
141,1,-0.328836981,-78.20154031,4100.16,6/29/21 0:00,16:09:35,11:09:35,,,,,,,,,,,,,,,,,,,,,,,,,
142,1,-0.328839915,-78.20153855,4099.2,6/29/21 0:00,16:10:05,11:10:05,,,,,,,,,,,,,,,,,,,,,,,,,
143,1,-0.328815775,-78.20152145,4098.72,6/29/21 0:00,16:10:35,11:10:35,,,,,,,,,,,,,,,,,,,,,,,,,
144,1,-0.328824157,-78.20152271,4099.2,6/29/21 0:00,16:11:05,11:11:05,,,,,,,,,,,,,,,,,,,,,,,,,
145,1,-0.328832958,-78.20152262,4099.2,6/29/21 0:00,16:11:35,11:11:35,,,,,,,,,,,,,,,,,,,,,,,,,
146,1,-0.328840837,-78.20151768,4097.28,6/29/21 0:00,16:12:05,11:12:05,,,,,,,,,,,,,,,,,,,,,,,,,
147,1,-0.328840921,-78.20154986,4099.68,6/29/21 0:00,16:12:35,11:12:35,,,,,,,,,,,,,,,,,,,,,,,,,
148,1,-0.328842597,-78.20156227,4097.28,6/29/21 0:00,16:13:05,11:13:05,,,,,,,,,,,,,,,,,,,,,,,,,
149,1,-0.328839999,-78.20155028,4102.08,6/29/21 0:00,16:13:35,11:13:35,,,,,,,,,,,,,,,,,,,,,,,,,
150,1,-0.328836981,-78.2015761,4103.52,6/29/21 0:00,16:14:05,11:14:05,,,,,,,,,,,,,,,,,,,,,,,,,
151,1,-0.328820217,-78.20156487,4102.08,6/29/21 0:00,16:14:35,11:14:35,,,,,,,,,,,,,,,,,,,,,,,,,
152,1,-0.328820553,-78.20153888,4101.6,6/29/21 0:00,16:15:05,11:15:05,,,,,,,,,,,,,,,,,,,,,,,,,
153,1,-0.328843519,-78.20155305,4100.64,6/29/21 0:00,16:15:35,11:15:35,,,,,,,,,,,,,,,,,,,,,,,,,
154,1,-0.328845279,-78.20154592,4093.91,6/29/21 0:00,16:16:05,11:16:05,,,,,,,,,,,,,,,,,,,,,,,,,
155,1,-0.328844273,-78.20152195,4092.47,6/29/21 0:00,16:16:35,11:16:35,,,,,,,,,,,,,,,,,,,,,,,,,
156,1,-0.328852907,-78.20153461,4093.91,6/29/21 0:00,16:17:05,11:17:05,,,,,,,,,,,,,,,,,,,,,,,,,
157,1,-0.328831701,-78.20152807,4095.35,6/29/21 0:00,16:17:35,11:17:35,,,,,,,,,,,,,,,,,,,,,,,,,
158,1,-0.328785852,-78.20154676,4096.8,6/29/21 0:00,16:18:05,11:18:05,,,,,,,,,,,,,,,,,,,,,,,,,
159,1,-0.328752995,-78.20151038,4098.24,6/29/21 0:00,16:18:35,11:18:35,,,,,,,,,,,,,,,,,,,,,,,,,
160,1,-0.328757269,-78.2015098,4096.8,6/29/21 0:00,16:19:05,11:19:05,,,,,,,,,,,,,,,,,,,,,,,,,
161,1,-0.328717455,-78.20148239,4098.72,6/29/21 0:00,16:19:35,11:19:35,,,,,,,,,,,,,,,,,,,,,,,,,
162,1,-0.3286561,-78.20149764,4100.16,6/29/21 0:00,16:20:05,11:20:05,,,,,,,,,,,,,,,,,,,,,,,,,
163,1,-0.32861419,-78.20148021,4099.68,6/29/21 0:00,16:20:35,11:20:35,,,,,,,,,,,,,,,,,,,,,,,,,
164,1,-0.328583512,-78.20145515,4101.12,6/29/21 0:00,16:21:05,11:21:05,,,,,,,,,,,,,,,,,,,,,,,,,
165,1,-0.328558115,-78.20150611,4099.68,6/29/21 0:00,16:21:35,11:21:35,,,,,,,,,,,,,,,,,,,,,,,,,
166,1,-0.328496257,-78.20152631,4102.08,6/29/21 0:00,16:22:05,11:22:05,,,,,,,,,,,,,,,,,,,,,,,,,
167,1,-0.328483433,-78.20153981,4100.64,6/29/21 0:00,16:22:35,11:22:35,,,,,,,,,,,,,,,,,,,,,,,,,
168,1,-0.328485109,-78.20155431,4100.16,6/29/21 0:00,16:23:05,11:23:05,,,,,,,,,,,,,,,,,,,,,,,,,
169,1,-0.328483935,-78.20155313,4098.72,6/29/21 0:00,16:23:35,11:23:35,,,,,,,,,,,,,,,,,,,,,,,,,
170,1,-0.328477733,-78.20154081,4098.24,6/29/21 0:00,16:24:05,11:24:05,,,,,,,,,,,,,,,,,,,,,,,,,
171,1,-0.328475721,-78.20154416,4097.28,6/29/21 0:00,16:24:35,11:24:35,,,,,,,,,,,,,,,,,,,,,,,,,
172,1,-0.328475973,-78.20154827,4100.16,6/29/21 0:00,16:25:05,11:25:05,,,,,,,,,,,,,,,,,,,,,,,,,
173,1,-0.32848645,-78.2015445,4098.72,6/29/21 0:00,16:25:35,11:25:35,,,,,,,,,,,,,,,,,,,,,,,,,
174,1,-0.328465495,-78.20154835,4098.24,6/29/21 0:00,16:26:05,11:26:05,,,,,,,,,,,,,,,,,,,,,,,,,
175,1,-0.328482594,-78.20153352,4096.8,6/29/21 0:00,16:26:35,11:26:35,,,,,,,,,,,,,,,,,,,,,,,,,
176,1,-0.328507908,-78.20153679,4096.31,6/29/21 0:00,16:27:05,11:27:05,,,,,,,,,,,,,,,,,,,,,,,,,
177,1,-0.328490138,-78.20152656,4097.76,6/29/21 0:00,16:27:35,11:27:35,,,,,,,,,,,,,,,,,,,,,,,,,
178,1,-0.328487707,-78.20152933,4096.8,6/29/21 0:00,16:28:05,11:28:05,,,,,,,,,,,,,,,,,,,,,,,,,
179,1,-0.32847153,-78.20154618,4097.28,6/29/21 0:00,16:28:35,11:28:35,,,,,,,,,,,,,,,,,,,,,,,,,
180,1,-0.32846055,-78.2015305,4096.8,6/29/21 0:00,16:29:05,11:29:05,,,,,,,,,,,,,,,,,,,,,,,,,
181,1,-0.328474464,-78.20152866,4095.35,6/29/21 0:00,16:29:35,11:29:35,,,,,,,,,,,,,,,,,,,,,,,,,
182,1,-0.328466669,-78.20153293,4097.28,6/29/21 0:00,16:30:05,11:30:05,,,,,,,,,,,,,,,,,,,,,,,,,
183,1,-0.328469351,-78.20153184,4098.24,6/29/21 0:00,16:30:35,11:30:35,,,,,,,,,,,,,,,,,,,,,,,,,
184,1,-0.328468345,-78.20154559,4097.28,6/29/21 0:00,16:31:05,11:31:05,,,,,,,,,,,,,,,,,,,,,,,,,
185,1,-0.328465495,-78.2015507,4097.28,6/29/21 0:00,16:31:35,11:31:35,,,,,,,,,,,,,,,,,,,,,,,,,
186,1,-0.32845946,-78.20153008,4097.28,6/29/21 0:00,16:32:05,11:32:05,,,,,,,,,,,,,,,,,,,,,,,,,
187,1,-0.328472201,-78.20154232,4094.39,6/29/21 0:00,16:32:35,11:32:35,,,,,,,,,,,,,,,,,,,,,,,,,
188,1,-0.328467088,-78.20153704,4093.43,6/29/21 0:00,16:33:05,11:33:05,,,,,,,,,,,,,,,,,,,,,,,,,
189,1,-0.328455186,-78.20153628,4094.39,6/29/21 0:00,16:33:35,11:33:35,,,,,,,,,,,,,,,,,,,,,,,,,
190,1,-0.328473877,-78.20153561,4096.31,6/29/21 0:00,16:34:05,11:34:05,,,,,,,,,,,,,,,,,,,,,,,,,
191,1,-0.328479325,-78.20153905,4097.76,6/29/21 0:00,16:34:35,11:34:35,,,,,,,,,,,,,,,,,,,,,,,,,
192,1,-0.328475134,-78.20153595,4097.28,6/29/21 0:00,16:35:35,11:35:35,,,,,,,,,,,,,,,,,,,,,,,,,
193,1,-0.328454515,-78.2015336,4095.83,6/29/21 0:00,16:36:05,11:36:05,,,,,,,,,,,,,,,,,,,,,,,,,
194,1,-0.32846516,-78.20153528,4097.28,6/29/21 0:00,16:36:35,11:36:35,,,,,,,,,,,,,,,,,,,,,,,,,
195,1,-0.328473374,-78.20152958,4096.31,6/29/21 0:00,16:37:05,11:37:05,,,,,,,,,,,,,,,,,,,,,,,,,
196,1,-0.328473877,-78.20152505,4094.87,6/29/21 0:00,16:37:35,11:37:35,,,,,,,,,,,,,,,,,,,,,,,,,
197,1,-0.328471279,-78.20153779,4096.31,6/29/21 0:00,16:38:05,11:38:05,,,,,,,,,,,,,,,,,,,,,,,,,
198,1,-0.328455186,-78.20155674,4097.28,6/29/21 0:00,16:38:35,11:38:35,,,,,,,,,,,,,,,,,,,,,,,,,
199,1,-0.328489048,-78.20154475,4098.72,6/29/21 0:00,16:39:05,11:39:05,,,,,,,,,,,,,,,,,,,,,,,,,
200,1,-0.328466501,-78.20154299,4098.24,6/29/21 0:00,16:39:35,11:39:35,,,,,,,,,,,,,,,,,,,,,,,,,
201,1,-0.328467004,-78.20153788,4096.8,6/29/21 0:00,16:40:05,11:40:05,,,,,,,,,,,,,,,,,,,,,,,,,
202,1,-0.328473123,-78.20154115,4096.31,6/29/21 0:00,16:40:35,11:40:35,,,,,,,,,,,,,,,,,,,,,,,,,
203,1,-0.328425011,-78.20155414,4094.87,6/29/21 0:00,16:41:05,11:41:05,,,,,,,,,,,,,,,,,,,,,,,,,
204,1,-0.328445211,-78.20154056,4092.95,6/29/21 0:00,16:41:35,11:41:35,,,,,,,,,,,,,,,,,,,,,,,,,
205,1,-0.328468177,-78.20154643,4096.31,6/29/21 0:00,16:42:05,11:42:05,,,,,,,,,,,,,,,,,,,,,,,,,
206,1,-0.328477481,-78.20152782,4097.76,6/29/21 0:00,16:42:35,11:42:35,,,,,,,,,,,,,,,,,,,,,,,,,
207,1,-0.328483684,-78.20153662,4097.76,6/29/21 0:00,16:43:05,11:43:05,,,,,,,,,,,,,,,,,,,,,,,,,
208,1,-0.328476559,-78.2015533,4096.8,6/29/21 0:00,16:43:35,11:43:35,,,,,,,,,,,,,,,,,,,,,,,,,
209,1,-0.328455688,-78.20157434,4099.2,6/29/21 0:00,16:44:05,11:44:05,,,,,,,,,,,,,,,,,,,,,,,,,
210,1,-0.328429788,-78.20158071,4100.64,6/29/21 0:00,16:44:35,11:44:35,,,,,,,,,,,,,,,,,,,,,,,,,
211,1,-0.328403888,-78.20161348,4102.08,6/29/21 0:00,16:45:05,11:45:05,,,,,,,,,,,,,,,,,,,,,,,,,
212,1,-0.328412186,-78.2016393,4103.52,6/29/21 0:00,16:45:35,11:45:35,,,,,,,,,,,,,,,,,,,,,,,,,
213,1,-0.328396009,-78.2015937,4103.04,6/29/21 0:00,16:46:05,11:46:05,,,,,,,,,,,,,,,,,,,,,,,,,
214,1,-0.328389639,-78.20158322,4103.04,6/29/21 0:00,16:46:35,11:46:35,,,,,,,,,,,,,,,,,,,,,,,,,
215,1,-0.328394752,-78.20159655,4105.45,6/29/21 0:00,16:47:05,11:47:05,,,,,,,,,,,,,,,,,,,,,,,,,
216,1,-0.328391986,-78.20159295,4103.52,6/29/21 0:00,16:47:35,11:47:35,,,,,,,,,,,,,,,,,,,,,,,,,
217,1,-0.328382179,-78.20159613,4104.49,6/29/21 0:00,16:48:05,11:48:05,,,,,,,,,,,,,,,,,,,,,,,,,
218,1,-0.328385364,-78.20159152,4104.01,6/29/21 0:00,16:48:35,11:48:35,,,,,,,,,,,,,,,,,,,,,,,,,
219,1,-0.328391148,-78.2016015,4103.04,6/29/21 0:00,16:49:05,11:49:05,,,,,,,,,,,,,,,,,,,,,,,,,
220,1,-0.328396261,-78.20159999,4101.6,6/29/21 0:00,16:49:35,11:49:35,,,,,,,,,,,,,,,,,,,,,,,,,
221,1,-0.328392824,-78.20159948,4101.12,6/29/21 0:00,16:50:05,11:50:05,,,,,,,,,,,,,,,,,,,,,,,,,
222,1,-0.328390142,-78.20159764,4101.12,6/29/21 0:00,16:50:35,11:50:35,,,,,,,,,,,,,,,,,,,,,,,,,
223,1,-0.328390729,-78.20155095,4101.6,6/29/21 0:00,16:51:05,11:51:05,,,,,,,,,,,,,,,,,,,,,,,,,
224,1,-0.328403385,-78.20151114,4101.12,6/29/21 0:00,16:51:35,11:51:35,,,,,,,,,,,,,,,,,,,,,,,,,
225,1,-0.328426603,-78.20151684,4102.56,6/29/21 0:00,16:52:05,11:52:05,,,,,,,,,,,,,,,,,,,,,,,,,
226,1,-0.328388633,-78.20159035,4102.56,6/29/21 0:00,16:52:35,11:52:35,,,,,,,,,,,,,,,,,,,,,,,,,
227,1,-0.328390142,-78.20159052,4101.12,6/29/21 0:00,16:53:05,11:53:05,,,,,,,,,,,,,,,,,,,,,,,,,
228,1,-0.328398775,-78.20159093,4102.56,6/29/21 0:00,16:53:35,11:53:35,,,,,,,,,,,,,,,,,,,,,,,,,
229,1,-0.328398356,-78.20158834,4101.12,6/29/21 0:00,16:54:05,11:54:05,,,,,,,,,,,,,,,,,,,,,,,,,
230,1,-0.328397686,-78.20157928,4102.56,6/29/21 0:00,16:54:35,11:54:35,,,,,,,,,,,,,,,,,,,,,,,,,
231,1,-0.328415036,-78.20157627,4102.56,6/29/21 0:00,16:55:05,11:55:05,,,,,,,,,,,,,,,,,,,,,,,,,
232,1,-0.328423753,-78.20156755,4103.04,6/29/21 0:00,16:55:35,11:55:35,,,,,,,,,,,,,,,,,,,,,,,,,
233,1,-0.328411683,-78.20159647,4104.97,6/29/21 0:00,16:56:05,11:56:05,,,,,,,,,,,,,,,,,,,,,,,,,
234,1,-0.328403553,-78.20159638,4106.89,6/29/21 0:00,16:56:34,11:56:34,,,,,,,,,,,,,,,,,,,,,,,,,
235,1,-0.328395758,-78.20158834,4104.97,6/29/21 0:00,16:57:04,11:57:04,,,,,,,,,,,,,,,,,,,,,,,,,
236,1,-0.328393243,-78.20158557,4104.01,6/29/21 0:00,16:57:34,11:57:34,,,,,,,,,,,,,,,,,,,,,,,,,
237,1,-0.328399278,-78.20158473,4104.01,6/29/21 0:00,16:58:04,11:58:04,,,,,,,,,,,,,,,,,,,,,,,,,
238,1,-0.328396847,-78.20157425,4103.52,6/29/21 0:00,16:58:34,11:58:34,,,,,,,,,,,,,,,,,,,,,,,,,
239,1,-0.328399949,-78.20160292,4101.6,6/29/21 0:00,16:59:04,11:59:04,,,,,,,,,,,,,,,,,,,,,,,,,
240,1,-0.328401374,-78.20159513,4102.56,6/29/21 0:00,16:59:34,11:59:34,,,,,,,,,,,,,,,,,,,,,,,,,
241,1,-0.328428028,-78.20160585,4104.01,6/29/21 0:00,17:00:04,12:00:04,,,,,,,,,,,,,,,,,,,,,,,,,
242,1,-0.328417048,-78.20160694,4104.49,6/29/21 0:00,17:00:34,12:00:34,,,,,,,,,,,,,,,,,,,,,,,,,
243,1,-0.32843289,-78.201603,4105.45,6/29/21 0:00,17:01:04,12:01:04,,,,,,,,,,,,,,,,,,,,,,,,,
244,1,-0.328416964,-78.20160669,4107.37,6/29/21 0:00,17:01:34,12:01:34,,,,,,,,,,,,,,,,,,,,,,,,,
245,1,-0.328436159,-78.20159672,4105.45,6/29/21 0:00,17:02:04,12:02:04,,,,,,,,,,,,,,,,,,,,,,,,,
246,1,-0.328403888,-78.20158741,4101.6,6/29/21 0:00,17:02:34,12:02:34,,,,,,,,,,,,,,,,,,,,,,,,,
247,1,-0.32842434,-78.20160636,4104.97,6/29/21 0:00,17:03:04,12:03:04,,,,,,,,,,,,,,,,,,,,,,,,,
248,1,-0.328404559,-78.20159538,4104.97,6/29/21 0:00,17:03:34,12:03:34,,,,,,,,,,,,,,,,,,,,,,,,,
249,1,-0.328388382,-78.20158917,4103.04,6/29/21 0:00,17:04:04,12:04:04,,,,,,,,,,,,,,,,,,,,,,,,,
250,1,-0.328393746,-78.20159622,4098.72,6/29/21 0:00,17:04:34,12:04:34,,,,,,,,,,,,,,,,,,,,,,,,,
251,1,-0.328400536,-78.20159848,4101.6,6/29/21 0:00,17:05:04,12:05:04,,,,,,,,,,,,,,,,,,,,,,,,,
252,1,-0.328404391,-78.20160099,4102.08,6/29/21 0:00,17:05:34,12:05:34,,,,,,,,,,,,,,,,,,,,,,,,,
253,1,-0.328407157,-78.20160015,4103.04,6/29/21 0:00,17:06:04,12:06:04,,,,,,,,,,,,,,,,,,,,,,,,,
254,1,-0.328397015,-78.20159504,4102.08,6/29/21 0:00,17:06:34,12:06:34,,,,,,,,,,,,,,,,,,,,,,,,,
255,1,-0.328392573,-78.20158599,4103.52,6/29/21 0:00,17:07:04,12:07:04,,,,,,,,,,,,,,,,,,,,,,,,,
256,1,-0.328395925,-78.20159907,4103.52,6/29/21 0:00,17:07:34,12:07:34,,,,,,,,,,,,,,,,,,,,,,,,,
257,1,-0.328403302,-78.20157124,4103.04,6/29/21 0:00,17:08:04,12:08:04,,,,,,,,,,,,,,,,,,,,,,,,,
258,1,-0.328454934,-78.20145548,4103.04,6/29/21 0:00,17:08:34,12:08:34,,,,,,,,,,,,,,,,,,,,,,,,,
259,1,-0.328489048,-78.20139329,4104.49,6/29/21 0:00,17:09:04,12:09:04,,,,,,,,,,,,,,,,,,,,,,,,,
260,1,-0.328505477,-78.20122431,4105.93,6/29/21 0:00,17:09:34,12:09:34,,,,,,,,,,,,,,,,,,,,,,,,,
261,1,-0.328571945,-78.20103521,4105.45,6/29/21 0:00,17:10:04,12:10:04,,,,,,,,,,,,,,,,,,,,,,,,,
262,1,-0.328565659,-78.20086875,4105.45,6/29/21 0:00,17:10:34,12:10:34,,,,,,,,,,,,,,,,,,,,,,,,,
263,1,-0.328455605,-78.2007861,4103.52,6/29/21 0:00,17:11:04,12:11:04,,,,,,,,,,,,,,,,,,,,,,,,,
264,1,-0.328274891,-78.20075308,4102.56,6/29/21 0:00,17:11:34,12:11:34,,,,,,,,,,,,,,,,,,,,,,,,,
265,1,-0.328218481,-78.20074872,4103.52,6/29/21 0:00,17:12:04,12:12:04,,,,,,,,,,,,,,,,,,,,,,,,,
266,1,-0.328217726,-78.20069985,4103.52,6/29/21 0:00,17:12:34,12:12:34,,,,,,,,,,,,,,,,,,,,,,,,,
267,1,-0.328173386,-78.20064722,4102.56,6/29/21 0:00,17:13:04,12:13:04,,,,,,,,,,,,,,,,,,,,,,,,,
268,1,-0.328000467,-78.20074797,4104.49,6/29/21 0:00,17:13:34,12:13:34,,,,,,,,,,,,,,,,,,,,,,,,,
269,1,-0.327827716,-78.200825,4105.45,6/29/21 0:00,17:14:04,12:14:04,,,,,,,,,,,,,,,,,,,,,,,,,
270,1,-0.32762412,-78.20083405,4104.49,6/29/21 0:00,17:14:34,12:14:34,,,,,,,,,,,,,,,,,,,,,,,,,
271,1,-0.327371238,-78.20079675,4103.04,6/29/21 0:00,17:15:04,12:15:04,,,,,,,,,,,,,,,,,,,,,,,,,
272,1,-0.327213407,-78.20065183,4104.01,6/29/21 0:00,17:15:34,12:15:34,,,,,,,,,,,,,,,,,,,,,,,,,
273,1,-0.327015175,-78.2005235,4105.45,6/29/21 0:00,17:16:04,12:16:04,,,,,,,,,,,,,,,,,,,,,,,,,
274,1,-0.326866563,-78.20034857,4104.49,6/29/21 0:00,17:16:34,12:16:34,,,,,,,,,,,,,,,,,,,,,,,,,
275,1,-0.326682245,-78.2002251,4103.52,6/29/21 0:00,17:17:04,12:17:04,,,,,,,,,,,,,,,,,,,,,,,,,
276,1,-0.326495329,-78.20006576,4103.04,6/29/21 0:00,17:17:34,12:17:34,,,,,,,,,,,,,,,,,,,,,,,,,
277,1,-0.326321656,-78.19997222,4101.6,6/29/21 0:00,17:18:04,12:18:04,,,,,,,,,,,,,,,,,,,,,,,,,
278,1,-0.326200537,-78.19989653,4103.52,6/29/21 0:00,17:18:34,12:18:34,,,,,,,,,,,,,,,,,,,,,,,,,
279,1,-0.326113869,-78.1998915,4105.93,6/29/21 0:00,17:19:04,12:19:04,,,,,,,,,,,,,,,,,,,,,,,,,
280,1,-0.326084867,-78.1998708,4105.45,6/29/21 0:00,17:19:34,12:19:34,,,,,,,,,,,,,,,,,,,,,,,,,
281,1,-0.325932903,-78.19979964,4107.37,6/29/21 0:00,17:20:04,12:20:04,,,,,,,,,,,,,,,,,,,,,,,,,
282,1,-0.325831901,-78.19969512,4108.33,6/29/21 0:00,17:20:34,12:20:34,,,,,,,,,,,,,,,,,,,,,,,,,
283,1,-0.32577524,-78.19970308,4108.33,6/29/21 0:00,17:21:04,12:21:04,,,,,,,,,,,,,,,,,,,,,,,,,
284,1,-0.325779095,-78.1996895,4111.22,6/29/21 0:00,17:21:34,12:21:34,,,,,,,,,,,,,,,,,,,,,,,,,
285,1,-0.325776162,-78.19969973,4109.77,6/29/21 0:00,17:22:04,12:22:04,,,,,,,,,,,,,,,,,,,,,,,,,
286,1,-0.32576669,-78.19970165,4108.81,6/29/21 0:00,17:22:34,12:22:34,,,,,,,,,,,,,,,,,,,,,,,,,
287,1,-0.325758811,-78.19970869,4109.77,6/29/21 0:00,17:23:04,12:23:04,,,,,,,,,,,,,,,,,,,,,,,,,
288,1,-0.325783202,-78.19969713,4111.7,6/29/21 0:00,17:23:34,12:23:34,,,,,,,,,,,,,,,,,,,,,,,,,
289,1,-0.32585646,-78.19968992,4112.66,6/29/21 0:00,17:24:04,12:24:04,,,,,,,,,,,,,,,,,,,,,,,,,
290,1,-0.32599384,-78.1998128,4108.81,6/29/21 0:00,17:24:34,12:24:34,,,,,,,,,,,,,,,,,,,,,,,,,
291,1,-0.326192575,-78.19996208,4104.01,6/29/21 0:00,17:25:04,12:25:04,,,,,,,,,,,,,,,,,,,,,,,,,
292,1,-0.326377731,-78.20010038,4102.56,6/29/21 0:00,17:25:34,12:25:34,,,,,,,,,,,,,,,,,,,,,,,,,
293,1,-0.326560624,-78.20017255,4103.04,6/29/21 0:00,17:26:04,12:26:04,,,,,,,,,,,,,,,,,,,,,,,,,
294,1,-0.326728933,-78.20022854,4102.56,6/29/21 0:00,17:26:34,12:26:34,,,,,,,,,,,,,,,,,,,,,,,,,
295,1,-0.326890703,-78.20036399,4101.12,6/29/21 0:00,17:27:04,12:27:04,,,,,,,,,,,,,,,,,,,,,,,,,
296,1,-0.326972008,-78.20044085,4103.04,6/29/21 0:00,17:27:34,12:27:34,,,,,,,,,,,,,,,,,,,,,,,,,
297,1,-0.327131851,-78.20054613,4104.49,6/29/21 0:00,17:28:04,12:28:04,,,,,,,,,,,,,,,,,,,,,,,,,
298,1,-0.327322623,-78.20058536,4102.56,6/29/21 0:00,17:28:34,12:28:34,,,,,,,,,,,,,,,,,,,,,,,,,
299,1,-0.327470312,-78.20068493,4103.52,6/29/21 0:00,17:29:04,12:29:04,,,,,,,,,,,,,,,,,,,,,,,,,
300,1,-0.327632083,-78.20070354,4103.52,6/29/21 0:00,17:29:34,12:29:34,,,,,,,,,,,,,,,,,,,,,,,,,
301,1,-0.327765103,-78.20075216,4102.56,6/29/21 0:00,17:30:04,12:30:04,,,,,,,,,,,,,,,,,,,,,,,,,
302,1,-0.327935172,-78.20073036,4102.56,6/29/21 0:00,17:30:34,12:30:34,,,,,,,,,,,,,,,,,,,,,,,,,
303,1,-0.32811706,-78.20068795,4101.6,6/29/21 0:00,17:31:04,12:31:04,,,,,,,,,,,,,,,,,,,,,,,,,
304,1,-0.328199454,-78.20071427,4104.97,6/29/21 0:00,17:31:34,12:31:34,,,,,,,,,,,,,,,,,,,,,,,,,
305,1,-0.32822636,-78.20074671,4104.49,6/29/21 0:00,17:32:04,12:32:04,,,,,,,,,,,,,,,,,,,,,,,,,
306,1,-0.328228455,-78.20074386,4104.97,6/29/21 0:00,17:32:34,12:32:34,,,,,,,,,,,,,,,,,,,,,,,,,
307,1,-0.328226192,-78.20073715,4105.45,6/29/21 0:00,17:33:04,12:33:04,,,,,,,,,,,,,,,,,,,,,,,,,
308,1,-0.328227701,-78.20074419,4104.97,6/29/21 0:00,17:33:34,12:33:34,,,,,,,,,,,,,,,,,,,,,,,,,
309,1,-0.328224013,-78.20074805,4108.81,6/29/21 0:00,17:34:04,12:34:04,,,,,,,,,,,,,,,,,,,,,,,,,
310,1,-0.328232897,-78.20074009,4106.89,6/29/21 0:00,17:34:34,12:34:34,,,,,,,,,,,,,,,,,,,,,,,,,
311,1,-0.328231137,-78.20073481,4104.97,6/29/21 0:00,17:35:04,12:35:04,,,,,,,,,,,,,,,,,,,,,,,,,
312,1,-0.328229629,-78.20074336,4105.45,6/29/21 0:00,17:35:34,12:35:34,,,,,,,,,,,,,,,,,,,,,,,,,
313,1,-0.32822812,-78.20075065,4104.01,6/29/21 0:00,17:36:04,12:36:04,,,,,,,,,,,,,,,,,,,,,,,,,
314,1,-0.328225773,-78.2007452,4108.33,6/29/21 0:00,17:36:34,12:36:34,,,,,,,,,,,,,,,,,,,,,,,,,
315,1,-0.328258211,-78.20068535,4108.33,6/29/21 0:00,17:37:04,12:37:04,,,,,,,,,,,,,,,,,,,,,,,,,
316,1,-0.328224013,-78.20074797,4106.41,6/29/21 0:00,17:37:34,12:37:34,,,,,,,,,,,,,,,,,,,,,,,,,
317,1,-0.328244213,-78.20074126,4106.89,6/29/21 0:00,17:38:04,12:38:04,,,,,,,,,,,,,,,,,,,,,,,,,
318,1,-0.328224851,-78.20074646,4104.97,6/29/21 0:00,17:38:34,12:38:34,,,,,,,,,,,,,,,,,,,,,,,,,
319,1,-0.328219235,-78.20075844,4106.89,6/29/21 0:00,17:39:04,12:39:04,,,,,,,,,,,,,,,,,,,,,,,,,
320,1,-0.328237675,-78.20074989,4105.93,6/29/21 0:00,17:39:34,12:39:34,,,,,,,,,,,,,,,,,,,,,,,,,
321,1,-0.328238849,-78.20075744,4105.45,6/29/21 0:00,17:40:04,12:40:04,,,,,,,,,,,,,,,,,,,,,,,,,
322,1,-0.32823625,-78.20074545,4106.41,6/29/21 0:00,17:40:34,12:40:34,,,,,,,,,,,,,,,,,,,,,,,,,
323,1,-0.328217391,-78.20078577,4107.37,6/29/21 0:00,17:41:04,12:41:04,,,,,,,,,,,,,,,,,,,,,,,,,
324,1,-0.328236334,-78.20077445,4105.93,6/29/21 0:00,17:41:34,12:41:34,,,,,,,,,,,,,,,,,,,,,,,,,
325,1,-0.328233736,-78.20072584,4106.41,6/29/21 0:00,17:42:04,12:42:04,,,,,,,,,,,,,,,,,,,,,,,,,
326,1,-0.328225689,-78.20071645,4107.37,6/29/21 0:00,17:42:34,12:42:34,,,,,,,,,,,,,,,,,,,,,,,,,
327,1,-0.328236418,-78.20077856,4105.93,6/29/21 0:00,17:43:04,12:43:04,,,,,,,,,,,,,,,,,,,,,,,,,
328,1,-0.328221079,-78.20075685,4103.04,6/29/21 0:00,17:43:34,12:43:34,,,,,,,,,,,,,,,,,,,,,,,,,
329,1,-0.328216804,-78.20074939,4102.08,6/29/21 0:00,17:44:04,12:44:04,,,,,,,,,,,,,,,,,,,,,,,,,
330,1,-0.328224599,-78.20075115,4104.01,6/29/21 0:00,17:44:34,12:44:34,,,,,,,,,,,,,,,,,,,,,,,,,
331,1,-0.328215295,-78.20075786,4103.04,6/29/21 0:00,17:45:04,12:45:04,,,,,,,,,,,,,,,,,,,,,,,,,
332,1,-0.328227701,-78.20074587,4101.12,6/29/21 0:00,17:45:34,12:45:34,,,,,,,,,,,,,,,,,,,,,,,,,
333,1,-0.328223342,-78.20075761,4101.6,6/29/21 0:00,17:46:04,12:46:04,,,,,,,,,,,,,,,,,,,,,,,,,
334,1,-0.32822812,-78.2007478,4104.49,6/29/21 0:00,17:46:34,12:46:34,,,,,,,,,,,,,,,,,,,,,,,,,
335,1,-0.328224516,-78.20074135,4103.04,6/29/21 0:00,17:47:04,12:47:04,,,,,,,,,,,,,,,,,,,,,,,,,
336,1,-0.328230802,-78.20075543,4105.93,6/29/21 0:00,17:47:34,12:47:34,,,,,,,,,,,,,,,,,,,,,,,,,
337,1,-0.328231975,-78.20075476,4109.77,6/29/21 0:00,17:48:04,12:48:04,,,,,,,,,,,,,,,,,,,,,,,,,
338,1,-0.328225438,-78.20075903,4111.22,6/29/21 0:00,17:48:34,12:48:34,,,,,,,,,,,,,,,,,,,,,,,,,
339,1,-0.328231724,-78.20073288,4111.7,6/29/21 0:00,17:49:04,12:49:04,,,,,,,,,,,,,,,,,,,,,,,,,
340,1,-0.328233149,-78.20075023,4109.29,6/29/21 0:00,17:49:34,12:49:34,,,,,,,,,,,,,,,,,,,,,,,,,
341,1,-0.328236837,-78.2007504,4111.7,6/29/21 0:00,17:50:04,12:50:04,,,,,,,,,,,,,,,,,,,,,,,,,
342,1,-0.328231305,-78.20076146,4108.33,6/29/21 0:00,17:50:34,12:50:34,,,,,,,,,,,,,,,,,,,,,,,,,
343,1,-0.328234741,-78.20075207,4106.41,6/29/21 0:00,17:51:04,12:51:04,,,,,,,,,,,,,,,,,,,,,,,,,
344,1,-0.328227952,-78.20075534,4105.45,6/29/21 0:00,17:51:34,12:51:34,,,,,,,,,,,,,,,,,,,,,,,,,
345,1,-0.328231808,-78.20074445,4105.93,6/29/21 0:00,17:52:04,12:52:04,,,,,,,,,,,,,,,,,,,,,,,,,
346,1,-0.328223929,-78.20075409,4106.41,6/29/21 0:00,17:52:34,12:52:34,,,,,,,,,,,,,,,,,,,,,,,,,
347,1,-0.328225857,-78.20076113,4106.41,6/29/21 0:00,17:53:04,12:53:04,,,,,,,,,,,,,,,,,,,,,,,,,
348,1,-0.328229377,-78.20075643,4106.89,6/29/21 0:00,17:53:09,12:53:09,,,,,,,,,,,,,,,,,,,,,,,,,
349,1,-0.328226024,-78.20075509,4099.68,6/29/21 0:00,18:26:08,13:26:08,,,,,,,,,,,,,,,,,,,,,,,,,
350,1,-0.327310972,-78.20075358,4103.04,6/29/21 0:00,18:26:38,13:26:38,,,,,,,,,,,,,,,,,,,,,,,,,
351,1,-0.327319857,-78.20076121,4100.64,6/29/21 0:00,18:27:08,13:27:08,,,,,,,,,,,,,,,,,,,,,,,,,
352,1,-0.327302422,-78.20075786,4102.08,6/29/21 0:00,18:27:38,13:27:38,,,,,,,,,,,,,,,,,,,,,,,,,
353,1,-0.327307032,-78.2007587,4100.16,6/29/21 0:00,18:28:08,13:28:08,,,,,,,,,,,,,,,,,,,,,,,,,
354,1,-0.327303763,-78.20075132,4098.24,6/29/21 0:00,18:28:38,13:28:38,,,,,,,,,,,,,,,,,,,,,,,,,
355,1,-0.327307535,-78.20075895,4100.64,6/29/21 0:00,18:29:08,13:29:08,,,,,,,,,,,,,,,,,,,,,,,,,
356,1,-0.327307368,-78.20075593,4100.64,6/29/21 0:00,18:29:38,13:29:38,,,,,,,,,,,,,,,,,,,,,,,,,
357,1,-0.327313235,-78.20076012,4100.16,6/29/21 0:00,18:30:08,13:30:08,,,,,,,,,,,,,,,,,,,,,,,,,
358,1,-0.327310553,-78.20075702,4101.12,6/29/21 0:00,18:30:38,13:30:38,,,,,,,,,,,,,,,,,,,,,,,,,
359,1,-0.327308793,-78.20075786,4104.01,6/29/21 0:00,18:31:08,13:31:08,,,,,,,,,,,,,,,,,,,,,,,,,
360,1,-0.327311642,-78.20075501,4104.97,6/29/21 0:00,18:31:38,13:31:38,,,,,,,,,,,,,,,,,,,,,,,,,
361,1,-0.327312313,-78.20075786,4105.93,6/29/21 0:00,18:32:08,13:32:08,,,,,,,,,,,,,,,,,,,,,,,,,
362,1,-0.327305775,-78.20074285,4104.49,6/29/21 0:00,18:32:38,13:32:38,,,,,,,,,,,,,,,,,,,,,,,,,
363,1,-0.327309798,-78.20076649,4106.89,6/29/21 0:00,18:33:08,13:33:08,,,,,,,,,,,,,,,,,,,,,,,,,
364,1,-0.327298399,-78.20075442,4104.01,6/29/21 0:00,18:33:38,13:33:38,,,,,,,,,,,,,,,,,,,,,,,,,
365,1,-0.327304099,-78.20076113,4104.49,6/29/21 0:00,18:34:08,13:34:08,,,,,,,,,,,,,,,,,,,,,,,,,
366,1,-0.327305943,-78.20076096,4104.49,6/29/21 0:00,18:34:38,13:34:38,,,,,,,,,,,,,,,,,,,,,,,,,
367,1,-0.32729907,-78.20075551,4104.49,6/29/21 0:00,18:35:08,13:35:08,,,,,,,,,,,,,,,,,,,,,,,,,
368,1,-0.32731751,-78.20075434,4102.08,6/29/21 0:00,18:35:38,13:35:38,,,,,,,,,,,,,,,,,,,,,,,,,
369,1,-0.327314492,-78.20075828,4102.56,6/29/21 0:00,18:36:08,13:36:08,,,,,,,,,,,,,,,,,,,,,,,,,
370,1,-0.327299908,-78.20074663,4104.49,6/29/21 0:00,18:36:38,13:36:38,,,,,,,,,,,,,,,,,,,,,,,,,
371,1,-0.327287,-78.20075165,4102.08,6/29/21 0:00,18:37:08,13:37:08,,,,,,,,,,,,,,,,,,,,,,,,,
372,1,-0.327298064,-78.20074948,4099.68,6/29/21 0:00,18:37:38,13:37:38,,,,,,,,,,,,,,,,,,,,,,,,,
373,1,-0.327302506,-78.20075794,4101.12,6/29/21 0:00,18:38:08,13:38:08,,,,,,,,,,,,,,,,,,,,,,,,,
374,1,-0.327257412,-78.20078175,4099.68,6/29/21 0:00,18:38:38,13:38:38,,,,,,,,,,,,,,,,,,,,,,,,,
375,1,-0.327204522,-78.2008571,4101.12,6/29/21 0:00,18:39:08,13:39:08,,,,,,,,,,,,,,,,,,,,,,,,,
376,1,-0.327179041,-78.2009343,4103.04,6/29/21 0:00,18:39:38,13:39:38,,,,,,,,,,,,,,,,,,,,,,,,,
377,1,-0.327116763,-78.20096363,4104.49,6/29/21 0:00,18:40:08,13:40:08,,,,,,,,,,,,,,,,,,,,,,,,,
378,1,-0.327115506,-78.20096472,4104.97,6/29/21 0:00,18:40:38,13:40:38,,,,,,,,,,,,,,,,,,,,,,,,,
379,1,-0.32712087,-78.20095307,4104.97,6/29/21 0:00,18:41:08,13:41:08,,,,,,,,,,,,,,,,,,,,,,,,,
380,1,-0.327116763,-78.20097093,4105.93,6/29/21 0:00,18:41:38,13:41:38,,,,,,,,,,,,,,,,,,,,,,,,,
381,1,-0.327116009,-78.20097922,4105.45,6/29/21 0:00,18:42:08,13:42:08,,,,,,,,,,,,,,,,,,,,,,,,,
382,1,-0.327118021,-78.20096481,4107.85,6/29/21 0:00,18:42:38,13:42:38,,,,,,,,,,,,,,,,,,,,,,,,,
383,1,-0.327105531,-78.20095517,4108.81,6/29/21 0:00,18:43:08,13:43:08,,,,,,,,,,,,,,,,,,,,,,,,,
384,1,-0.327105112,-78.20096472,4106.41,6/29/21 0:00,18:43:38,13:43:38,,,,,,,,,,,,,,,,,,,,,,,,,
385,1,-0.327098491,-78.20096514,4106.41,6/29/21 0:00,18:44:08,13:44:08,,,,,,,,,,,,,,,,,,,,,,,,,
386,1,-0.327102849,-78.20096506,4106.41,6/29/21 0:00,18:44:38,13:44:38,,,,,,,,,,,,,,,,,,,,,,,,,
387,1,-0.327105112,-78.20096338,4106.41,6/29/21 0:00,18:45:08,13:45:08,,,,,,,,,,,,,,,,,,,,,,,,,
388,1,-0.327123804,-78.20096212,4105.45,6/29/21 0:00,18:45:38,13:45:38,,,,,,,,,,,,,,,,,,,,,,,,,
389,1,-0.327117937,-78.20096179,4104.49,6/29/21 0:00,18:46:08,13:46:08,,,,,,,,,,,,,,,,,,,,,,,,,
390,1,-0.327131851,-78.20095207,4105.45,6/29/21 0:00,18:46:38,13:46:38,,,,,,,,,,,,,,,,,,,,,,,,,
391,1,-0.327106034,-78.20097,4104.97,6/29/21 0:00,18:47:08,13:47:08,,,,,,,,,,,,,,,,,,,,,,,,,
392,1,-0.327109639,-78.20096062,4107.37,6/29/21 0:00,18:47:38,13:47:38,,,,,,,,,,,,,,,,,,,,,,,,,
393,1,-0.327133192,-78.20096766,4110.25,6/29/21 0:00,18:48:08,13:48:08,,,,,,,,,,,,,,,,,,,,,,,,,
394,1,-0.327132186,-78.20096682,4108.81,6/29/21 0:00,18:48:38,13:48:38,,,,,,,,,,,,,,,,,,,,,,,,,
395,1,-0.327126822,-78.2009892,4107.85,6/29/21 0:00,18:49:08,13:49:08,,,,,,,,,,,,,,,,,,,,,,,,,
396,1,-0.327127492,-78.20098442,4109.29,6/29/21 0:00,18:49:38,13:49:38,,,,,,,,,,,,,,,,,,,,,,,,,
397,1,-0.327119026,-78.20095751,4109.77,6/29/21 0:00,18:50:08,13:50:08,,,,,,,,,,,,,,,,,,,,,,,,,
398,1,-0.327107543,-78.20096137,4107.85,6/29/21 0:00,18:50:38,13:50:38,,,,,,,,,,,,,,,,,,,,,,,,,
399,1,-0.327113662,-78.20096481,4107.37,6/29/21 0:00,18:51:08,13:51:08,,,,,,,,,,,,,,,,,,,,,,,,,
400,1,-0.327118691,-78.20097,4107.37,6/29/21 0:00,18:51:38,13:51:38,,,,,,,,,,,,,,,,,,,,,,,,,
401,1,-0.327099916,-78.20095517,4104.01,6/29/21 0:00,18:52:08,13:52:08,,,,,,,,,,,,,,,,,,,,,,,,,
402,1,-0.32709497,-78.20094427,4103.04,6/29/21 0:00,18:52:38,13:52:38,,,,,,,,,,,,,,,,,,,,,,,,,
403,1,-0.327105615,-78.2009602,4104.49,6/29/21 0:00,18:53:08,13:53:08,,,,,,,,,,,,,,,,,,,,,,,,,
404,1,-0.327101257,-78.2009488,4103.52,6/29/21 0:00,18:53:38,13:53:38,,,,,,,,,,,,,,,,,,,,,,,,,
405,1,-0.327107292,-78.2009555,4105.45,6/29/21 0:00,18:54:08,13:54:08,,,,,,,,,,,,,,,,,,,,,,,,,
406,1,-0.32710528,-78.20095349,4106.41,6/29/21 0:00,18:54:38,13:54:38,,,,,,,,,,,,,,,,,,,,,,,,,
407,1,-0.327105364,-78.20096682,4105.45,6/29/21 0:00,18:55:08,13:55:08,,,,,,,,,,,,,,,,,,,,,,,,,
408,1,-0.327114835,-78.20095978,4106.89,6/29/21 0:00,18:55:38,13:55:38,,,,,,,,,,,,,,,,,,,,,,,,,
409,1,-0.327112237,-78.20096514,4105.45,6/29/21 0:00,18:56:08,13:56:08,,,,,,,,,,,,,,,,,,,,,,,,,
410,1,-0.327124642,-78.20095316,4103.52,6/29/21 0:00,18:56:38,13:56:38,,,,,,,,,,,,,,,,,,,,,,,,,
411,1,-0.327107459,-78.20096833,4105.93,6/29/21 0:00,18:57:08,13:57:08,,,,,,,,,,,,,,,,,,,,,,,,,
412,1,-0.327021126,-78.20101921,4105.45,6/29/21 0:00,18:57:38,13:57:38,,,,,,,,,,,,,,,,,,,,,,,,,
413,1,-0.326955076,-78.20107897,4107.37,6/29/21 0:00,18:58:08,13:58:08,,,,,,,,,,,,,,,,,,,,,,,,,
414,1,-0.326920124,-78.20112381,4107.85,6/29/21 0:00,18:58:38,13:58:38,,,,,,,,,,,,,,,,,,,,,,,,,
415,1,-0.326857427,-78.20114007,4108.81,6/29/21 0:00,18:59:08,13:59:08,,,,,,,,,,,,,,,,,,,,,,,,,
416,1,-0.326911071,-78.20113328,4107.37,6/29/21 0:00,19:00:08,14:00:08,,,,,,,,,,,,,,,,,,,,,,,,,
417,1,-0.326925237,-78.20111509,4108.81,6/29/21 0:00,19:00:38,14:00:38,,,,,,,,,,,,,,,,,,,,,,,,,
418,1,-0.326909814,-78.20113571,4105.93,6/29/21 0:00,19:01:08,14:01:08,,,,,,,,,,,,,,,,,,,,,,,,,
419,1,-0.326920878,-78.20114192,4108.33,6/29/21 0:00,19:01:38,14:01:38,,,,,,,,,,,,,,,,,,,,,,,,,
420,1,-0.326919369,-78.20113211,4106.89,6/29/21 0:00,19:02:08,14:02:08,,,,,,,,,,,,,,,,,,,,,,,,,
421,1,-0.326921549,-78.20112918,4108.33,6/29/21 0:00,19:02:38,14:02:38,,,,,,,,,,,,,,,,,,,,,,,,,
422,1,-0.326917106,-78.2011332,4108.81,6/29/21 0:00,19:03:08,14:03:08,,,,,,,,,,,,,,,,,,,,,,,,,
423,1,-0.326920711,-78.20113127,4110.73,6/29/21 0:00,19:03:38,14:03:38,,,,,,,,,,,,,,,,,,,,,,,,,
