"Date Time, GMT-05:00","Abs Pres, kPa (LGR S/N: 20968506, SEN S/N: 20968506)","Temp, °C (LGR S/N: 20968506, SEN S/N: 20968506)",Baro,WL_Corrected,
6/10/2021 13:00,63.993,11.625,,,
6/10/2021 13:15,63.967,11.528,,,
6/10/2021 13:30,63.975,11.819,,,
6/10/2021 13:45,63.955,11.916,,,
6/10/2021 14:00,63.938,11.722,,,
6/10/2021 14:15,63.918,11.431,,,
6/10/2021 14:30,63.875,11.139,,,
6/10/2021 14:45,63.855,11.236,,,
6/10/2021 15:00,63.846,11.334,,,
6/10/2021 15:15,63.838,11.431,,,
6/10/2021 15:30,63.826,11.431,,,
6/10/2021 15:45,63.823,11.334,,,
6/10/2021 16:00,63.797,11.236,,,
6/10/2021 16:15,63.76,11.139,,,
6/10/2021 16:30,63.777,10.944,,,
6/10/2021 16:45,63.772,10.748,,,
6/10/2021 17:00,63.78,10.651,,,
6/10/2021 17:15,63.792,10.651,,,
6/10/2021 17:30,63.812,10.553,,,
6/10/2021 17:45,63.832,10.455,,,
6/10/2021 18:00,63.814,10.259,,,
6/10/2021 18:15,63.823,10.161,,,
6/10/2021 18:30,63.834,10.161,,,
6/10/2021 18:45,63.843,10.063,,,
6/10/2021 19:00,63.852,9.965,,,
6/10/2021 19:15,63.874,9.965,,,
6/10/2021 19:30,63.886,9.965,,,
6/10/2021 19:45,63.894,9.866,,,
6/10/2021 20:00,63.906,9.866,,,
6/10/2021 20:15,63.929,9.866,,,
6/10/2021 20:30,63.952,9.866,,,
6/10/2021 20:45,63.94,9.866,,,
6/10/2021 21:00,63.929,9.866,,,
6/10/2021 21:15,63.929,9.866,,,
6/10/2021 21:30,63.929,9.866,,,
6/10/2021 21:45,63.929,9.866,,,
6/10/2021 22:00,63.929,9.866,,,
6/10/2021 22:15,63.952,9.866,,,
6/10/2021 22:30,63.94,9.866,,,
6/10/2021 22:45,63.937,9.768,,,
6/10/2021 23:00,63.923,9.669,,,
6/10/2021 23:15,63.911,9.669,,,
6/10/2021 23:30,63.897,9.571,,,
6/10/2021 23:45,63.897,9.571,,,
6/11/2021 0:00,63.908,9.571,,,
6/11/2021 0:15,63.897,9.571,,,
6/11/2021 0:30,63.894,9.472,,,
6/11/2021 0:45,63.879,9.373,,,
6/11/2021 1:00,63.856,9.373,,,
6/11/2021 1:15,63.833,9.373,,,
6/11/2021 1:30,63.819,9.275,,,
6/11/2021 1:45,63.83,9.275,,,
6/11/2021 2:00,63.853,9.275,,,
6/11/2021 2:15,63.842,9.275,,,
6/11/2021 2:30,63.853,9.275,,,
6/11/2021 2:45,63.83,9.275,,,
6/11/2021 3:00,63.819,9.275,,,
6/11/2021 3:15,63.816,9.176,,,
6/11/2021 3:30,63.77,9.176,,,
6/11/2021 3:45,63.755,9.077,,,
6/11/2021 4:00,63.767,9.077,,,
6/11/2021 4:15,63.744,9.077,,,
6/11/2021 4:30,63.767,9.077,,,
6/11/2021 4:45,63.755,9.077,,,
6/11/2021 5:00,63.744,9.077,,,
6/11/2021 5:15,63.755,9.077,,,
6/11/2021 5:30,63.718,8.978,,,
6/11/2021 5:45,63.718,8.978,,,
6/11/2021 6:00,63.718,8.978,,,
6/11/2021 6:15,63.726,8.879,,,
6/11/2021 6:30,63.749,8.879,,,
6/11/2021 6:45,63.772,8.879,,,
6/11/2021 7:00,63.792,8.779,,,
6/11/2021 7:15,63.792,8.779,,,
6/11/2021 7:30,63.792,8.779,,,
6/11/2021 7:45,63.829,8.879,,,
6/11/2021 8:00,63.844,8.978,,,
6/11/2021 8:15,63.847,9.077,,,
6/11/2021 8:30,63.87,9.077,,,
6/11/2021 8:45,63.859,9.077,,,
6/11/2021 9:00,63.836,9.077,,,
6/11/2021 9:15,63.859,9.077,,,
6/11/2021 9:30,63.87,9.077,,,
6/11/2021 9:45,63.901,8.978,,,
6/11/2021 10:00,63.913,8.978,,,
6/11/2021 10:15,63.913,8.978,,,
6/11/2021 10:30,63.924,8.978,,,
6/11/2021 10:45,63.901,8.978,62.5984,1.3026,0.00873
6/11/2021 11:00,63.896,9.176,62.5464,1.3496,
6/11/2021 11:15,63.922,9.275,62.5531,1.3689,
6/11/2021 11:30,63.948,9.373,62.5587,1.3893,
6/11/2021 11:45,63.92,9.571,62.5293,1.3907,
6/11/2021 12:00,63.926,9.768,62.5381,1.3879,
6/11/2021 12:15,63.926,9.768,62.5267,1.3993,
6/11/2021 12:30,63.914,9.768,62.5208,1.3932,
6/11/2021 12:45,63.929,9.866,62.5238,1.4052,
6/11/2021 13:00,63.906,9.866,62.517,1.389,
6/11/2021 13:15,63.909,9.965,62.5134,1.3956,
6/11/2021 13:30,63.894,9.866,62.5,1.394,
6/11/2021 13:45,63.868,9.768,62.4853,1.3827,
6/11/2021 14:00,63.88,9.768,62.4727,1.4073,
6/11/2021 14:15,63.849,9.866,62.4573,1.3917,
6/11/2021 14:30,63.86,9.866,62.4556,1.4044,
6/11/2021 14:45,63.829,9.965,62.4388,1.3902,
6/11/2021 15:00,63.82,10.063,62.4258,1.3942,
6/11/2021 15:15,63.811,10.161,62.405,1.406,
6/11/2021 15:30,63.791,10.259,62.3947,1.3963,
6/11/2021 15:45,63.814,10.259,62.4043,1.4097,
6/11/2021 16:00,63.803,10.259,62.4104,1.3926,
6/11/2021 16:15,63.814,10.259,62.4129,1.4011,
6/11/2021 16:30,63.823,10.161,62.4201,1.4029,
6/11/2021 16:45,63.806,9.965,62.4161,1.3899,
6/11/2021 17:00,63.823,9.768,62.4278,1.3952,
6/11/2021 17:15,63.831,9.669,62.4383,1.3927,
6/11/2021 17:30,63.828,9.571,62.4348,1.3932,
6/11/2021 17:45,63.813,9.472,62.4387,1.3743,
6/11/2021 18:00,63.833,9.373,62.441,1.392,
6/11/2021 18:15,63.83,9.275,62.4388,1.3912,
6/11/2021 18:30,63.816,9.176,62.4428,1.3732,
6/11/2021 18:45,63.862,9.176,62.4773,1.3847,
6/11/2021 19:00,63.873,9.176,62.5051,1.3679,
6/11/2021 19:15,63.882,9.077,62.5146,1.3674,
6/11/2021 19:30,63.893,9.077,62.515,1.378,
6/11/2021 19:45,63.893,9.077,62.534,1.359,
6/11/2021 20:00,63.916,9.077,62.552,1.364,
6/11/2021 20:15,63.905,9.077,62.5505,1.3545,
6/11/2021 20:30,63.916,9.077,62.5637,1.3523,
6/11/2021 20:45,63.939,9.077,62.5777,1.3613,
6/11/2021 21:00,63.939,9.077,62.5837,1.3553,
6/11/2021 21:15,63.962,9.077,62.5831,1.3789,
6/11/2021 21:30,63.951,9.077,62.5802,1.3708,
6/11/2021 21:45,63.951,9.077,62.5838,1.3672,
6/11/2021 22:00,63.936,8.978,62.5912,1.3448,
6/11/2021 22:15,63.97,8.978,62.6004,1.3696,
6/11/2021 22:30,63.959,8.978,62.6113,1.3477,
6/11/2021 22:45,63.959,8.978,62.6107,1.3483,
6/11/2021 23:00,63.956,8.879,62.6028,1.3532,
6/11/2021 23:15,63.944,8.879,62.5949,1.3491,
6/11/2021 23:30,63.944,8.879,62.5939,1.3501,
6/11/2021 23:45,63.944,8.879,62.5826,1.3614,
6/12/2021 0:00,63.918,8.779,62.5609,1.3571,
6/12/2021 0:15,63.904,8.68,62.5581,1.3459,
6/12/2021 0:30,63.904,8.68,62.5514,1.3526,
6/12/2021 0:45,63.9,8.581,62.5434,1.3566,
6/12/2021 1:00,63.877,8.581,62.5263,1.3507,
6/12/2021 1:15,63.854,8.581,62.5041,1.3499,
6/12/2021 1:30,63.858,8.68,62.4936,1.3644,
6/12/2021 1:45,63.812,8.68,62.4769,1.3351,
6/12/2021 2:00,63.812,8.68,62.4609,1.3511,
6/12/2021 2:15,63.812,8.68,62.4566,1.3554,
6/12/2021 2:30,63.8,8.68,62.4474,1.3526,
6/12/2021 2:45,63.789,8.68,62.4365,1.3525,
6/12/2021 3:00,63.786,8.581,62.4285,1.3575,
6/12/2021 3:15,63.786,8.581,62.428,1.358,
6/12/2021 3:30,63.786,8.581,62.4245,1.3615,
6/12/2021 3:45,63.763,8.581,62.4166,1.3464,
6/12/2021 4:00,63.763,8.581,62.4042,1.3588,
6/12/2021 4:15,63.763,8.581,62.4026,1.3604,
6/12/2021 4:30,63.751,8.581,62.3966,1.3544,
6/12/2021 4:45,63.74,8.581,62.3923,1.3477,
6/12/2021 5:00,63.763,8.581,62.4044,1.3586,
6/12/2021 5:15,63.763,8.581,62.4025,1.3605,
6/12/2021 5:30,63.782,8.481,62.4146,1.3674,
6/12/2021 5:45,63.782,8.481,62.4308,1.3512,
6/12/2021 6:00,63.771,8.481,62.423,1.348,
6/12/2021 6:15,63.782,8.481,62.4363,1.3457,
6/12/2021 6:30,63.814,8.382,62.456,1.358,
6/12/2021 6:45,63.814,8.382,62.4766,1.3374,
6/12/2021 7:00,63.837,8.382,62.4912,1.3458,
6/12/2021 7:15,63.848,8.382,62.5039,1.3441,
6/12/2021 7:30,63.86,8.382,62.5155,1.3445,
6/12/2021 7:45,63.871,8.382,62.5264,1.3446,
6/12/2021 8:00,63.874,8.481,62.5277,1.3463,
6/12/2021 8:15,63.886,8.481,62.5452,1.3408,
6/12/2021 8:30,63.889,8.581,62.547,1.342,
6/12/2021 8:45,63.9,8.581,62.5555,1.3445,
6/12/2021 9:00,63.9,8.581,62.5603,1.3397,
6/12/2021 9:15,63.915,8.68,62.5608,1.3542,
6/12/2021 9:30,63.93,8.779,62.5747,1.3553,
6/12/2021 9:45,63.933,8.879,62.5766,1.3564,
6/12/2021 10:00,63.936,8.978,62.5821,1.3539,
6/12/2021 10:15,63.951,9.077,62.5746,1.3764,
6/12/2021 10:30,63.931,9.176,62.5774,1.3536,
6/12/2021 10:45,63.942,9.176,62.5807,1.3613,
6/12/2021 11:00,63.931,9.176,62.5726,1.3584,
6/12/2021 11:15,63.908,9.176,62.5606,1.3474,
6/12/2021 11:30,63.919,9.176,62.5602,1.3588,
6/12/2021 11:45,63.908,9.176,62.5581,1.3499,
6/12/2021 12:00,63.922,9.275,62.5542,1.3678,
6/12/2021 12:15,63.899,9.275,62.543,1.356,
6/12/2021 12:30,63.902,9.373,62.5358,1.3662,
6/12/2021 12:45,63.882,9.472,62.5306,1.3514,
6/12/2021 13:00,63.885,9.571,62.5116,1.3734,
6/12/2021 13:15,63.848,9.472,62.4888,1.3592,
6/12/2021 13:30,63.825,9.472,62.476,1.349,
6/12/2021 13:45,63.819,9.669,62.4562,1.3628,
6/12/2021 14:00,63.814,9.866,62.4467,1.3673,
6/12/2021 14:15,63.817,9.965,62.4427,1.3743,
6/12/2021 14:30,63.786,10.063,62.4176,1.3684,
6/12/2021 14:45,63.777,10.161,62.4077,1.3693,
6/12/2021 15:00,63.768,10.259,62.3881,1.3799,
6/12/2021 15:15,63.748,10.357,62.3724,1.3756,
6/12/2021 15:30,63.74,10.455,62.373,1.367,
6/12/2021 15:45,63.737,10.357,62.3682,1.3688,
6/12/2021 16:00,63.725,10.357,62.3532,1.3718,
6/12/2021 16:15,63.742,10.161,62.3547,1.3873,
6/12/2021 16:30,63.725,9.965,62.3556,1.3694,
6/12/2021 16:45,63.734,9.866,62.3625,1.3715,
6/12/2021 17:00,63.734,9.866,62.378,1.356,
6/12/2021 17:15,63.768,9.866,62.3926,1.3754,
6/12/2021 17:30,63.78,9.866,62.4048,1.3752,
6/12/2021 17:45,63.777,9.768,62.4106,1.3664,
6/12/2021 18:00,63.773,9.669,62.411,1.362,
6/12/2021 18:15,63.767,9.472,62.4056,1.3614,
6/12/2021 18:30,63.784,9.275,62.428,1.356,
6/12/2021 18:45,63.807,9.275,62.4488,1.3582,
6/12/2021 19:00,63.793,9.176,62.4453,1.3477,
6/12/2021 19:15,63.813,9.077,62.4499,1.3631,
6/12/2021 19:30,63.813,9.077,62.4544,1.3586,
6/12/2021 19:45,63.836,9.077,62.4712,1.3648,
6/12/2021 20:00,63.836,9.077,62.4771,1.3589,
6/12/2021 20:15,63.844,8.978,62.4871,1.3569,
6/12/2021 20:30,63.867,8.978,62.5012,1.3658,
6/12/2021 20:45,63.867,8.978,62.5172,1.3498,
6/12/2021 21:00,63.867,8.978,62.5196,1.3474,
6/12/2021 21:15,63.89,8.978,62.5372,1.3528,
6/12/2021 21:30,63.89,8.978,62.5349,1.3551,
6/12/2021 21:45,63.901,8.978,62.5343,1.3667,
6/12/2021 22:00,63.901,8.978,62.523,1.378,
6/12/2021 22:15,63.89,8.978,62.5325,1.3575,
6/12/2021 22:30,63.913,8.978,62.5493,1.3637,
6/12/2021 22:45,63.901,8.978,62.5422,1.3588,
6/12/2021 23:00,63.91,8.879,62.5509,1.3591,
6/12/2021 23:15,63.921,8.879,62.5639,1.3571,
6/12/2021 23:30,63.933,8.879,62.57,1.363,
6/12/2021 23:45,63.921,8.879,62.5561,1.3649,
6/13/2021 0:00,63.898,8.879,62.5459,1.3521,
6/13/2021 0:15,63.887,8.879,62.5368,1.3502,
6/13/2021 0:30,63.887,8.879,62.5237,1.3633,
6/13/2021 0:45,63.898,8.879,62.5146,1.3834,
6/13/2021 1:00,63.918,8.779,62.5047,1.4133,
6/13/2021 1:15,63.918,8.779,62.4988,1.4192,
6/13/2021 1:30,63.927,8.68,62.4894,1.4376,
6/13/2021 1:45,63.938,8.68,62.4859,1.4521,
6/13/2021 2:00,63.938,8.68,62.4757,1.4623,
6/13/2021 2:15,63.935,8.581,62.4632,1.4718,
6/13/2021 2:30,63.935,8.581,62.4574,1.4776,
6/13/2021 2:45,63.932,8.481,62.4547,1.4773,
6/13/2021 3:00,63.894,8.382,62.4516,1.4424,
6/13/2021 3:15,63.899,8.182,62.4544,1.4446,
6/13/2021 3:30,63.885,8.082,62.4465,1.4385,
6/13/2021 3:45,63.908,8.082,62.443,1.465,
6/13/2021 4:00,63.881,7.983,62.4421,1.4389,
6/13/2021 4:15,63.909,7.782,62.4464,1.4626,
6/13/2021 4:30,63.934,7.481,62.4555,1.4785,
6/13/2021 4:45,63.939,7.28,62.4565,1.4825,
6/13/2021 5:00,63.955,7.079,62.4561,1.4989,
6/13/2021 5:15,63.917,6.978,62.4596,1.4574,
6/13/2021 5:30,63.963,6.978,62.4619,1.5011,
6/13/2021 5:45,63.986,6.978,62.4763,1.5097,
6/13/2021 6:00,64.021,6.978,62.4823,1.5387,
6/13/2021 6:15,64.006,6.877,62.4866,1.5194,
6/13/2021 6:30,64.029,6.877,62.4914,1.5376,
6/13/2021 6:45,64.037,6.775,62.4947,1.5423,
6/13/2021 7:00,64.048,6.775,62.5094,1.5386,
6/13/2021 7:15,64.071,6.775,62.5145,1.5565,
6/13/2021 7:30,64.083,6.775,62.5315,1.5515,
6/13/2021 7:45,64.098,6.877,62.5437,1.5543,
6/13/2021 8:00,64.144,6.877,62.557,1.587,
6/13/2021 8:15,64.132,6.877,62.5686,1.5634,
6/13/2021 8:30,64.144,6.877,62.567,1.577,
6/13/2021 8:45,64.182,6.978,62.571,1.611,
6/13/2021 9:00,64.162,7.079,62.57,1.592,
6/13/2021 9:15,64.18,7.28,62.5815,1.5985,
6/13/2021 9:30,64.206,7.381,62.5905,1.6155,
6/13/2021 9:45,64.198,7.481,62.5962,1.6018,
6/13/2021 10:00,64.205,7.682,62.5933,1.6117,
6/13/2021 10:15,64.231,7.782,62.5973,1.6337,
6/13/2021 10:30,64.234,7.882,62.6026,1.6314,
6/13/2021 10:45,64.229,8.082,62.5959,1.6331,
6/13/2021 11:00,64.213,8.282,62.5886,1.6244,
6/13/2021 11:15,64.219,8.481,62.5934,1.6256,
6/13/2021 11:30,64.252,8.779,62.595,1.657,
6/13/2021 11:45,64.212,8.978,62.5776,1.6344,
6/13/2021 12:00,64.207,9.176,62.5653,1.6417,
6/13/2021 12:15,64.207,9.571,62.5535,1.6535,
6/13/2021 12:30,64.193,9.866,62.543,1.65,
6/13/2021 12:45,64.188,10.455,62.5281,1.6599,
6/13/2021 13:00,64.212,10.846,62.5254,1.6866,
6/13/2021 13:15,64.209,11.139,62.5212,1.6878,
6/13/2021 13:30,64.189,11.236,62.5044,1.6846,
6/13/2021 13:45,64.168,11.334,62.4897,1.6783,
6/13/2021 14:00,64.174,11.528,62.4876,1.6864,
6/13/2021 14:15,64.174,11.528,62.475,1.699,
6/13/2021 14:30,64.145,11.722,62.4702,1.6748,
6/13/2021 14:45,64.125,11.819,62.4533,1.6717,
6/13/2021 15:00,64.131,11.625,62.4476,1.6834,
6/13/2021 15:15,64.145,11.334,62.4489,1.6961,
6/13/2021 15:30,64.117,11.139,62.4489,1.6681,
6/13/2021 15:45,64.102,11.041,62.4428,1.6592,
6/13/2021 16:00,64.108,10.846,62.4447,1.6633,
6/13/2021 16:15,64.105,10.748,62.4463,1.6587,
6/13/2021 16:30,64.102,10.651,62.4455,1.6565,
6/13/2021 16:45,64.102,10.651,62.4427,1.6593,
6/13/2021 17:00,64.076,10.553,62.4511,1.6249,
6/13/2021 17:15,64.082,10.357,62.4524,1.6296,
6/13/2021 17:30,64.09,10.259,62.4569,1.6331,
6/13/2021 17:45,64.09,10.259,62.4635,1.6265,
6/13/2021 18:00,64.087,10.161,62.4715,1.6155,
6/13/2021 18:15,64.116,9.965,62.48,1.636,
6/13/2021 18:30,64.116,9.965,62.4916,1.6244,
6/13/2021 18:45,64.124,9.866,62.4943,1.6297,
6/13/2021 19:00,64.133,9.768,62.5063,1.6267,
6/13/2021 19:15,64.141,9.669,62.5159,1.6251,
6/13/2021 19:30,64.127,9.571,62.5283,1.5987,
6/13/2021 19:45,64.15,9.571,62.5401,1.6099,
6/13/2021 20:00,64.135,9.472,62.5423,1.5927,
6/13/2021 20:15,64.147,9.472,62.5618,1.5852,
6/13/2021 20:30,64.144,9.373,62.57,1.574,
6/13/2021 20:45,64.155,9.373,62.5852,1.5698,
6/13/2021 21:00,64.164,9.275,62.5894,1.5746,
6/13/2021 21:15,64.152,9.275,62.5927,1.5593,
6/13/2021 21:30,64.152,9.275,62.5873,1.5647,
6/13/2021 21:45,64.138,9.176,62.5919,1.5461,
6/13/2021 22:00,64.161,9.176,62.5963,1.5647,
6/13/2021 22:15,64.134,9.077,62.6048,1.5292,
6/13/2021 22:30,64.157,9.077,62.5941,1.5629,
6/13/2021 22:45,64.166,8.978,62.6037,1.5623,
6/13/2021 23:00,64.151,8.879,62.6016,1.5494,
6/13/2021 23:15,64.14,8.879,62.6074,1.5326,
6/13/2021 23:30,64.151,8.879,62.6075,1.5435,
6/13/2021 23:45,64.128,8.879,62.6041,1.5239,
6/14/2021 0:00,64.137,8.779,62.5908,1.5462,
6/14/2021 0:15,64.114,8.779,62.5789,1.5351,
6/14/2021 0:30,64.091,8.779,62.5631,1.5279,
6/14/2021 0:45,64.091,8.779,62.5471,1.5439,
6/14/2021 1:00,64.076,8.68,62.5416,1.5344,
6/14/2021 1:15,64.076,8.68,62.5348,1.5412,
6/14/2021 1:30,64.042,8.68,62.5318,1.5102,
6/14/2021 1:45,64.03,8.68,62.5176,1.5124,
6/14/2021 2:00,64.004,8.581,62.499,1.505,
6/14/2021 2:15,63.992,8.581,62.482,1.51,
6/14/2021 2:30,63.958,8.581,62.4693,1.4887,
6/14/2021 2:45,63.955,8.481,62.4582,1.4968,
6/14/2021 3:00,63.966,8.481,62.4566,1.5094,
6/14/2021 3:15,63.943,8.481,62.4484,1.4946,
6/14/2021 3:30,63.94,8.382,62.4448,1.4952,
6/14/2021 3:45,63.929,8.382,62.4473,1.4817,
6/14/2021 4:00,63.906,8.382,62.4404,1.4656,
6/14/2021 4:15,63.929,8.382,62.447,1.482,
6/14/2021 4:30,63.94,8.382,62.4538,1.4862,
6/14/2021 4:45,63.94,8.382,62.4496,1.4904,
6/14/2021 5:00,63.917,8.382,62.4634,1.4536,
6/14/2021 5:15,63.937,8.282,62.4696,1.4674,
6/14/2021 5:30,63.948,8.282,62.4789,1.4691,
6/14/2021 5:45,63.948,8.282,62.4842,1.4638,
6/14/2021 6:00,63.96,8.282,62.493,1.467,
6/14/2021 6:15,63.957,8.182,62.4995,1.4575,
6/14/2021 6:30,63.957,8.182,62.5056,1.4514,
6/14/2021 6:45,63.968,8.182,62.5217,1.4463,
6/14/2021 7:00,63.98,8.182,62.5242,1.4558,
6/14/2021 7:15,63.968,8.182,62.531,1.437,
6/14/2021 7:30,63.991,8.182,62.5489,1.4421,
6/14/2021 7:45,64.006,8.282,62.5655,1.4405,
6/14/2021 8:00,64.009,8.382,62.5796,1.4294,
6/14/2021 8:15,64.024,8.481,62.5909,1.4331,
6/14/2021 8:30,64.035,8.481,62.5987,1.4363,
6/14/2021 8:45,64.038,8.581,62.5953,1.4427,
6/14/2021 9:00,64.048,8.879,62.6055,1.4425,
6/14/2021 9:15,64.034,9.176,62.6009,1.4331,
6/14/2021 9:30,64.049,9.275,62.5995,1.4495,
6/14/2021 9:45,64.066,9.472,62.6054,1.4606,
6/14/2021 10:00,64.058,9.571,62.606,1.452,
6/14/2021 10:15,64.052,9.768,62.6144,1.4376,
6/14/2021 10:30,64.041,10.161,62.6052,1.4358,
6/14/2021 10:45,64.056,10.651,62.597,1.459,0.00336
6/14/2021 11:00,64.088,11.334,62.5626,1.5254,
6/14/2021 12:00,64.034,13.076,62.6056,1.4284,
6/14/2021 12:15,64.022,13.461,62.5973,1.4247,
6/14/2021 12:30,64.041,13.75,62.5906,1.4504,
6/14/2021 12:45,64.015,13.654,62.5775,1.4375,
6/14/2021 13:00,64.007,13.365,62.5662,1.4408,
6/14/2021 13:15,64.006,12.883,62.5505,1.4555,
6/14/2021 13:30,63.983,12.497,62.546,1.437,
6/14/2021 13:45,63.961,12.11,62.5288,1.4322,
6/14/2021 14:00,63.921,11.916,62.5189,1.4021,
6/14/2021 14:15,63.903,12.11,62.5138,1.3892,
6/14/2021 14:30,63.909,12.304,62.4933,1.4157,
6/14/2021 14:45,63.886,12.304,62.481,1.405,
6/14/2021 15:00,63.872,12.207,62.4569,1.4151,
6/14/2021 15:15,63.869,12.11,62.447,1.422,
6/14/2021 15:30,63.852,11.916,62.45,1.402,
6/14/2021 15:45,63.852,11.916,62.4329,1.4191,
6/14/2021 16:00,63.852,11.916,62.4296,1.4224,
6/14/2021 16:15,63.846,11.722,62.4272,1.4188,
6/14/2021 16:30,63.855,11.625,62.4279,1.4271,
6/14/2021 16:45,63.841,11.528,62.4195,1.4215,
6/14/2021 17:00,63.838,11.431,62.4232,1.4148,
6/14/2021 17:15,63.846,11.334,62.4229,1.4231,
6/14/2021 17:30,63.843,11.236,62.4276,1.4154,
6/14/2021 17:45,63.852,11.139,62.4241,1.4279,
6/14/2021 18:00,63.861,11.041,62.4352,1.4258,
6/14/2021 18:15,63.869,10.944,62.438,1.431,
6/14/2021 18:30,63.89,10.846,62.44,1.45,
6/14/2021 18:45,63.89,10.846,62.4464,1.4436,
6/14/2021 19:00,63.887,10.748,62.4693,1.4177,
6/14/2021 19:15,63.921,10.748,62.4917,1.4293,
6/14/2021 19:30,63.941,10.651,62.4979,1.4431,
6/14/2021 19:45,63.953,10.651,62.5052,1.4478,
6/14/2021 20:00,63.938,10.553,62.525,1.413,
6/14/2021 20:15,63.95,10.553,62.5398,1.4102,
6/14/2021 20:30,63.961,10.553,62.5473,1.4137,
6/14/2021 20:45,63.984,10.553,62.5528,1.4312,
6/14/2021 21:00,63.984,10.553,62.5645,1.4195,
6/14/2021 21:15,63.97,10.455,62.5816,1.3884,
6/14/2021 21:30,63.958,10.455,62.5941,1.3639,
6/14/2021 21:45,63.97,10.455,62.5966,1.3734,
6/14/2021 22:00,63.967,10.357,62.5914,1.3756,
6/14/2021 22:15,63.967,10.357,62.5855,1.3815,
6/14/2021 22:30,63.978,10.357,62.5978,1.3802,
6/14/2021 22:45,63.99,10.357,62.5889,1.4011,
6/14/2021 23:00,64.001,10.357,62.5956,1.4054,
6/14/2021 23:15,64.01,10.259,62.6039,1.4061,
6/14/2021 23:30,64.018,10.161,62.6134,1.4046,
6/14/2021 23:45,63.992,10.063,62.6091,1.3829,
6/15/2021 0:00,63.989,9.965,62.5992,1.3898,
6/15/2021 0:15,63.989,9.965,62.5923,1.3967,
6/15/2021 0:30,63.978,9.965,62.5827,1.3953,
6/15/2021 0:45,63.943,9.965,62.5748,1.3682,
6/15/2021 1:00,63.952,9.866,62.5745,1.3775,
6/15/2021 1:15,63.929,9.866,62.5713,1.3577,
6/15/2021 1:30,63.929,9.866,62.5478,1.3812,
6/15/2021 1:45,63.891,9.768,62.5402,1.3508,
6/15/2021 2:00,63.891,9.768,62.5162,1.3748,
6/15/2021 2:15,63.891,9.768,62.5023,1.3887,
6/15/2021 2:30,63.868,9.768,62.4979,1.3701,
6/15/2021 2:45,63.865,9.669,62.4926,1.3724,
6/15/2021 3:00,63.865,9.669,62.482,1.383,
6/15/2021 3:15,63.877,9.669,62.47,1.407,
6/15/2021 3:30,63.854,9.669,62.4601,1.3939,
6/15/2021 3:45,63.877,9.669,62.4601,1.4169,
6/15/2021 4:00,63.877,9.669,62.4646,1.4124,
6/15/2021 4:15,63.842,9.669,62.4604,1.3816,
6/15/2021 4:30,63.862,9.571,62.4644,1.3976,
6/15/2021 4:45,63.885,9.571,62.4661,1.4189,
6/15/2021 5:00,63.897,9.571,62.4593,1.4377,
6/15/2021 5:15,63.882,9.472,62.4665,1.4155,
6/15/2021 5:30,63.917,9.472,62.4711,1.4459,
6/15/2021 5:45,63.928,9.472,62.4765,1.4515,
6/15/2021 6:00,63.96,9.373,62.4901,1.4699,
6/15/2021 6:15,63.98,9.275,62.5118,1.4682,
6/15/2021 6:30,63.988,9.176,62.5145,1.4735,
6/15/2021 6:45,64.008,9.077,62.5317,1.4763,
6/15/2021 7:00,64.039,8.978,62.5378,1.5012,
6/15/2021 7:15,64.048,8.879,62.5363,1.5117,
6/15/2021 7:30,64.059,8.879,62.5488,1.5102,
6/15/2021 7:45,64.074,8.978,62.5618,1.5122,
6/15/2021 8:00,64.074,8.978,62.5782,1.4958,
6/15/2021 8:15,64.097,8.978,62.5876,1.5094,
6/15/2021 8:30,64.1,9.077,62.6015,1.4985,
6/15/2021 8:45,64.111,9.077,62.605,1.506,
6/15/2021 9:00,64.111,9.077,62.6066,1.5044,
6/15/2021 9:15,64.103,9.176,62.6107,1.4923,
6/15/2021 9:30,64.134,9.077,62.6155,1.5185,
6/15/2021 9:45,64.123,9.077,62.6189,1.5041,
6/15/2021 10:00,64.123,9.077,62.629,1.494,
6/15/2021 10:15,64.138,9.176,62.6318,1.5062,
6/15/2021 10:30,64.126,9.176,62.6347,1.4913,
6/15/2021 10:45,64.152,9.275,62.6362,1.5158,
6/15/2021 11:00,64.164,9.275,62.6428,1.5212,
6/15/2021 11:15,64.164,9.275,62.6462,1.5178,
6/15/2021 11:30,64.167,9.373,62.6469,1.5201,
6/15/2021 11:45,64.193,9.472,62.6451,1.5479,
6/15/2021 12:00,64.196,9.571,62.6406,1.5554,
6/15/2021 12:15,64.204,9.472,62.6378,1.5662,
6/15/2021 12:30,64.227,9.472,62.6367,1.5903,
6/15/2021 12:45,64.227,9.472,62.6362,1.5908,
6/15/2021 13:00,64.224,9.373,62.6325,1.5915,
6/15/2021 13:15,64.239,9.472,62.6339,1.6051,
6/15/2021 13:30,64.227,9.472,62.6206,1.6064,
6/15/2021 13:45,64.216,9.472,62.5999,1.6161,
6/15/2021 14:00,64.21,9.669,62.5936,1.6164,
6/15/2021 14:15,64.193,9.866,62.5713,1.6217,
6/15/2021 14:30,64.173,9.965,62.5666,1.6064,
6/15/2021 14:45,64.165,10.063,62.5421,1.6229,
6/15/2021 15:00,64.176,10.063,62.5263,1.6497,
6/15/2021 15:15,64.165,10.063,62.5161,1.6489,
6/15/2021 15:30,64.15,9.965,62.5082,1.6418,
6/15/2021 15:45,64.162,9.965,62.5032,1.6588,
6/15/2021 16:00,64.147,9.866,62.4937,1.6533,
6/15/2021 16:15,64.167,9.768,62.4871,1.6799,
6/15/2021 16:30,64.144,9.768,62.4794,1.6646,
6/15/2021 16:45,64.144,9.768,62.4804,1.6636,
6/15/2021 17:00,64.167,9.768,62.4816,1.6854,
6/15/2021 17:15,64.167,9.768,62.4701,1.6969,
6/15/2021 17:30,64.153,9.669,62.4725,1.6805,
6/15/2021 17:45,64.138,9.571,62.4761,1.6619,
6/15/2021 18:00,64.155,9.373,62.4741,1.6809,
6/15/2021 18:15,64.138,9.176,62.4816,1.6564,
6/15/2021 18:30,64.157,9.077,62.4816,1.6754,
6/15/2021 18:45,64.143,8.978,62.4931,1.6499,
6/15/2021 19:00,64.186,8.879,62.503,1.683,
6/15/2021 19:15,64.194,8.779,62.5104,1.6836,
6/15/2021 19:30,64.214,8.68,62.5217,1.6923,
6/15/2021 19:45,64.214,8.68,62.5402,1.6738,
6/15/2021 20:00,64.211,8.581,62.552,1.659,
6/15/2021 20:15,64.211,8.581,62.5687,1.6423,
6/15/2021 20:30,64.222,8.581,62.5721,1.6499,
6/15/2021 20:45,64.234,8.581,62.5765,1.6575,
6/15/2021 21:00,64.242,8.481,62.5851,1.6569,
6/15/2021 21:15,64.231,8.481,62.5889,1.6421,
6/15/2021 21:30,64.227,8.382,62.6059,1.6211,
6/15/2021 21:45,64.239,8.382,62.6154,1.6236,
6/15/2021 22:00,64.247,8.282,62.614,1.633,
6/15/2021 22:15,64.213,8.282,62.6152,1.5978,
6/15/2021 22:30,64.224,8.282,62.6266,1.5974,
6/15/2021 22:45,64.224,8.282,62.6285,1.5955,
6/15/2021 23:00,64.198,8.182,62.6182,1.5798,
6/15/2021 23:15,64.175,8.182,62.6061,1.5689,
6/15/2021 23:30,64.198,8.182,62.6114,1.5866,
6/15/2021 23:45,64.152,8.182,62.6076,1.5444,
6/16/2021 0:00,64.164,8.182,62.6034,1.5606,
6/16/2021 0:15,64.141,8.182,62.6008,1.5402,
6/16/2021 0:30,64.152,8.182,62.6005,1.5515,
6/16/2021 0:45,64.118,8.182,62.5978,1.5202,
6/16/2021 1:00,64.126,8.082,62.5781,1.5479,
6/16/2021 1:15,64.103,8.082,62.5721,1.5309,
6/16/2021 1:30,64.103,8.082,62.5629,1.5401,
6/16/2021 1:45,64.068,8.082,62.5548,1.5132,
6/16/2021 2:00,64.057,8.082,62.5475,1.5095,
6/16/2021 2:15,64.034,8.082,62.5362,1.4978,
6/16/2021 2:30,64.011,8.082,62.5194,1.4916,
6/16/2021 2:45,64.031,7.983,62.5084,1.5226,
6/16/2021 3:00,64.019,7.983,62.4935,1.5255,
6/16/2021 3:15,63.996,7.983,62.482,1.514,
6/16/2021 3:30,63.996,7.983,62.4824,1.5136,
6/16/2021 3:45,63.996,7.983,62.4753,1.5207,
6/16/2021 4:00,63.996,7.983,62.4711,1.5249,
6/16/2021 4:15,63.985,7.983,62.4661,1.5189,
6/16/2021 4:30,63.985,7.983,62.4692,1.5158,
6/16/2021 4:45,63.97,7.882,62.4755,1.4945,
6/16/2021 5:00,63.97,7.882,62.4712,1.4988,
6/16/2021 5:15,63.959,7.882,62.4719,1.4871,
6/16/2021 5:30,63.97,7.882,62.4718,1.4982,
6/16/2021 5:45,63.978,7.782,62.4717,1.5063,
6/16/2021 6:00,63.967,7.782,62.4669,1.5001,
6/16/2021 6:15,63.967,7.782,62.4714,1.4956,
6/16/2021 6:30,63.967,7.782,62.4718,1.4952,
6/16/2021 6:45,63.99,7.782,62.468,1.522,
6/16/2021 7:00,64.001,7.782,62.4748,1.5262,
6/16/2021 7:15,64.013,7.782,62.4871,1.5259,
6/16/2021 7:30,64.013,7.782,62.5046,1.5084,
6/16/2021 7:45,64.036,7.782,62.5181,1.5179,
6/16/2021 8:00,64.039,7.882,62.5297,1.5093,
6/16/2021 8:15,64.042,7.983,62.5455,1.4965,
6/16/2021 8:30,64.072,8.182,62.5596,1.5124,
6/16/2021 8:45,64.06,8.182,62.5583,1.5017,
6/16/2021 9:00,64.086,8.282,62.572,1.514,
6/16/2021 9:15,64.078,8.382,62.5904,1.4876,
6/16/2021 9:30,64.07,8.481,62.5955,1.4745,
6/16/2021 9:45,64.073,8.581,62.6083,1.4647,
6/16/2021 10:00,64.056,8.779,62.6127,1.4433,
6/16/2021 10:15,64.082,8.879,62.608,1.474,
6/16/2021 10:30,64.066,9.077,62.6033,1.4627,
6/16/2021 10:45,64.072,9.275,62.5971,1.4749,
6/16/2021 11:00,64.075,9.373,62.6006,1.4744,
6/16/2021 11:15,64.049,9.275,62.5858,1.4632,
6/16/2021 11:30,64.06,9.275,62.5913,1.4687,
6/16/2021 11:45,64.049,9.275,62.5828,1.4662,
6/16/2021 12:00,64.049,9.275,62.5902,1.4588,
6/16/2021 12:15,64.017,9.373,62.5862,1.4308,
6/16/2021 12:30,64.02,9.472,62.5748,1.4452,
6/16/2021 12:45,63.989,9.571,62.5746,1.4144,
6/16/2021 13:00,63.992,9.669,62.5559,1.4361,
6/16/2021 13:15,63.986,9.866,62.5471,1.4389,
6/16/2021 13:30,63.966,9.965,62.5358,1.4302,
6/16/2021 13:45,63.946,10.063,62.5288,1.4172,
6/16/2021 14:00,63.929,10.259,62.5137,1.4153,
6/16/2021 14:15,63.912,10.455,62.5012,1.4108,
6/16/2021 14:30,63.875,10.748,62.4859,1.3891,
6/16/2021 14:45,63.861,10.651,62.4626,1.3984,
6/16/2021 15:00,63.858,10.553,62.4528,1.4052,
6/16/2021 15:15,63.843,10.455,62.4321,1.4109,
6/16/2021 15:30,63.84,10.357,62.421,1.419,
6/16/2021 15:45,63.837,10.259,62.4183,1.4187,
6/16/2021 16:00,63.826,10.259,62.4084,1.4176,
6/16/2021 16:15,63.826,10.259,62.3962,1.4298,
6/16/2021 16:30,63.814,10.259,62.3894,1.4246,
6/16/2021 16:45,63.829,10.357,62.3868,1.4422,
6/16/2021 17:00,63.806,10.357,62.3857,1.4203,
6/16/2021 17:15,63.811,10.161,62.3805,1.4305,
6/16/2021 17:30,63.849,9.866,62.3847,1.4643,
6/16/2021 17:45,63.831,9.669,62.3783,1.4527,
6/16/2021 18:00,63.828,9.571,62.3763,1.4517,
6/16/2021 18:15,63.836,9.472,62.3986,1.4374,
6/16/2021 18:30,63.845,9.373,62.4047,1.4403,
6/16/2021 18:45,63.83,9.275,62.411,1.419,
6/16/2021 19:00,63.853,9.275,62.4183,1.4347,
6/16/2021 19:15,63.85,9.176,62.4259,1.4241,
6/16/2021 19:30,63.85,9.176,62.436,1.414,
6/16/2021 19:45,63.873,9.176,62.4396,1.4334,
6/16/2021 20:00,63.885,9.176,62.4445,1.4405,
6/16/2021 20:15,63.896,9.176,62.4582,1.4378,
6/16/2021 20:30,63.908,9.176,62.4806,1.4274,
6/16/2021 20:45,63.905,9.077,62.4889,1.4161,
6/16/2021 21:00,63.905,9.077,62.5067,1.3983,
6/16/2021 21:15,63.928,9.077,62.521,1.407,
6/16/2021 21:30,63.928,9.077,62.524,1.404,
6/16/2021 21:45,63.916,9.077,62.5271,1.3889,
6/16/2021 22:00,63.901,8.978,62.5261,1.3749,
6/16/2021 22:15,63.913,8.978,62.5266,1.3864,
6/16/2021 22:30,63.924,8.978,62.5285,1.3955,
6/16/2021 22:45,63.924,8.978,62.5318,1.3922,
6/16/2021 23:00,63.924,8.978,62.5339,1.3901,
6/16/2021 23:15,63.924,8.978,62.5355,1.3885,
6/16/2021 23:30,63.91,8.879,62.5502,1.3598,
6/16/2021 23:45,63.898,8.879,62.5408,1.3572,
6/17/2021 0:00,63.887,8.879,62.541,1.346,
6/17/2021 0:15,63.887,8.879,62.5392,1.3478,
6/17/2021 0:30,63.884,8.779,62.5293,1.3547,
6/17/2021 0:45,63.872,8.779,62.5135,1.3585,
6/17/2021 1:00,63.861,8.779,62.5111,1.3499,
6/17/2021 1:15,63.858,8.68,62.4995,1.3585,
6/17/2021 1:30,63.835,8.68,62.4931,1.3419,
6/17/2021 1:45,63.82,8.581,62.4841,1.3359,
6/17/2021 2:00,63.809,8.581,62.473,1.336,
6/17/2021 2:15,63.794,8.481,62.4664,1.3276,
6/17/2021 2:30,63.782,8.481,62.4504,1.3316,
6/17/2021 2:45,63.782,8.481,62.4322,1.3498,
6/17/2021 3:00,63.771,8.481,62.4246,1.3464,
6/17/2021 3:15,63.771,8.481,62.4111,1.3599,
6/17/2021 3:30,63.759,8.481,62.4111,1.3479,
6/17/2021 3:45,63.736,8.481,62.3988,1.3372,
6/17/2021 4:00,63.745,8.382,62.3971,1.3479,
6/17/2021 4:15,63.745,8.382,62.3946,1.3504,
6/17/2021 4:30,63.745,8.382,62.3854,1.3596,
6/17/2021 4:45,63.742,8.282,62.3864,1.3556,
6/17/2021 5:00,63.73,8.282,62.3764,1.3536,
6/17/2021 5:15,63.742,8.282,62.3769,1.3651,
6/17/2021 5:30,63.753,8.282,62.3886,1.3644,
6/17/2021 5:45,63.761,8.182,62.3892,1.3718,
6/17/2021 6:00,63.75,8.182,62.3844,1.3656,
6/17/2021 6:15,63.75,8.182,62.4008,1.3492,
6/17/2021 6:30,63.761,8.182,62.4027,1.3583,
6/17/2021 6:45,63.784,8.182,62.4017,1.3823,
6/17/2021 7:00,63.781,8.082,62.4025,1.3785,
6/17/2021 7:15,63.77,8.082,62.4091,1.3609,
6/17/2021 7:30,63.781,8.082,62.4202,1.3608,
6/17/2021 7:45,63.816,8.082,62.4253,1.3907,
6/17/2021 8:00,63.816,8.082,62.4263,1.3897,
6/17/2021 8:15,63.816,8.082,62.4424,1.3736,
6/17/2021 8:30,63.839,8.082,62.4659,1.3731,
6/17/2021 8:45,63.839,8.082,62.4665,1.3725,
6/17/2021 9:00,63.842,8.182,62.4863,1.3557,
6/17/2021 9:15,63.876,8.182,62.4911,1.3849,
6/17/2021 9:30,63.856,8.282,62.5097,1.3463,
6/17/2021 9:45,63.871,8.382,62.5133,1.3577,
6/17/2021 10:00,63.863,8.481,62.5219,1.3411,
6/17/2021 10:15,63.877,8.581,62.5249,1.3521,
6/17/2021 10:30,63.846,8.68,62.5264,1.3196,
6/17/2021 10:45,63.861,8.779,62.5246,1.3364,
6/17/2021 11:00,63.844,8.978,62.5208,1.3232,
6/17/2021 11:15,63.87,9.077,62.5138,1.3562,
6/17/2021 11:30,63.845,9.373,62.5116,1.3334,
6/17/2021 11:45,63.851,9.571,62.5034,1.3476,
6/17/2021 12:00,63.831,9.669,62.4908,1.3402,
6/17/2021 12:15,63.834,9.768,62.4872,1.3468,
6/17/2021 12:30,63.811,9.768,62.484,1.327,
6/17/2021 12:45,63.806,9.965,62.4808,1.3252,
6/17/2021 13:00,63.777,10.161,62.4626,1.3144,
6/17/2021 13:15,63.794,10.357,62.4579,1.3361,
6/17/2021 13:30,63.774,10.455,62.4454,1.3286,
6/17/2021 13:45,63.769,10.651,62.4229,1.3461,
6/17/2021 14:00,63.746,10.651,62.4209,1.3251,
6/17/2021 14:15,63.746,10.651,62.4115,1.3345,
6/17/2021 14:30,63.743,10.553,62.407,1.336,
6/17/2021 14:45,63.708,10.553,62.3944,1.3136,
6/17/2021 15:00,63.697,10.553,62.3798,1.3172,
6/17/2021 15:15,63.697,10.553,62.3659,1.3311,
6/17/2021 15:30,63.674,10.553,62.3524,1.3216,
6/17/2021 15:45,63.682,10.455,62.3365,1.3455,
6/17/2021 16:00,63.682,10.455,62.3342,1.3478,
6/17/2021 16:15,63.702,10.357,62.3296,1.3724,
6/17/2021 16:30,63.714,10.357,62.3204,1.3936,
6/17/2021 16:45,63.699,10.259,62.3167,1.3823,
6/17/2021 17:00,63.696,10.161,62.3283,1.3677,
6/17/2021 17:15,63.702,9.965,62.3339,1.3681,
6/17/2021 17:30,63.714,9.965,62.3378,1.3762,
6/17/2021 17:45,63.734,9.866,62.3475,1.3865,
6/17/2021 18:00,63.719,9.768,62.3539,1.3651,
6/17/2021 18:15,63.736,9.571,62.3674,1.3686,
6/17/2021 18:30,63.733,9.472,62.367,1.366,
6/17/2021 18:45,63.741,9.373,62.3656,1.3754,
6/17/2021 19:00,63.715,9.275,62.3816,1.3334,
6/17/2021 19:15,63.735,9.176,62.3844,1.3506,
6/17/2021 19:30,63.767,9.077,62.3968,1.3702,
6/17/2021 19:45,63.778,9.077,62.3993,1.3787,
6/17/2021 20:00,63.775,8.978,62.4054,1.3696,
6/17/2021 20:15,63.787,8.978,62.425,1.362,
6/17/2021 20:30,63.783,8.879,62.4284,1.3546,
6/17/2021 20:45,63.792,8.779,62.4363,1.3557,
6/17/2021 21:00,63.789,8.68,62.4361,1.3529,
6/17/2021 21:15,63.777,8.68,62.4476,1.3294,
6/17/2021 21:30,63.797,8.581,62.4591,1.3379,
6/17/2021 21:45,63.809,8.581,62.4622,1.3468,
6/17/2021 22:00,63.809,8.581,62.4512,1.3578,
6/17/2021 22:15,63.809,8.581,62.473,1.336,
6/17/2021 22:30,63.809,8.581,62.4906,1.3184,
6/17/2021 22:45,63.797,8.581,62.4927,1.3043,
6/17/2021 23:00,63.786,8.581,62.4884,1.2976,
6/17/2021 23:15,63.789,8.68,62.4834,1.3056,
6/17/2021 23:30,63.789,8.68,62.483,1.306,
6/17/2021 23:45,63.766,8.68,62.4742,1.2918,
6/18/2021 0:00,63.754,8.68,62.4565,1.2975,
6/18/2021 0:15,63.777,8.68,62.461,1.316,
6/18/2021 0:30,63.728,8.581,62.4467,1.2813,
6/18/2021 0:45,63.751,8.581,62.4351,1.3159,
6/18/2021 1:00,63.751,8.581,62.4319,1.3191,
6/18/2021 1:15,63.74,8.581,62.4157,1.3243,
6/18/2021 1:30,63.728,8.581,62.415,1.313,
6/18/2021 1:45,63.725,8.481,62.4104,1.3146,
6/18/2021 2:00,63.713,8.481,62.4009,1.3121,
6/18/2021 2:15,63.702,8.481,62.3938,1.3082,
6/18/2021 2:30,63.713,8.481,62.393,1.32,
6/18/2021 2:45,63.699,8.382,62.3771,1.3219,
6/18/2021 3:00,63.687,8.382,62.3712,1.3158,
6/18/2021 3:15,63.676,8.382,62.3721,1.3039,
6/18/2021 3:30,63.676,8.382,62.3573,1.3187,
6/18/2021 3:45,63.696,8.282,62.3421,1.3539,
6/18/2021 4:00,63.707,8.282,62.3479,1.3591,
6/18/2021 4:15,63.696,8.282,62.3477,1.3483,
6/18/2021 4:30,63.696,8.282,62.348,1.348,
6/18/2021 4:45,63.704,8.182,62.3424,1.3616,
6/18/2021 5:00,63.715,8.182,62.3425,1.3725,
6/18/2021 5:15,63.715,8.182,62.3488,1.3662,
6/18/2021 5:30,63.738,8.182,62.3599,1.3781,
6/18/2021 5:45,63.77,8.082,62.3585,1.4115,
6/18/2021 6:00,63.77,8.082,62.3633,1.4067,
6/18/2021 6:15,63.801,7.983,62.3685,1.4325,
6/18/2021 6:30,63.812,7.983,62.3994,1.4126,
6/18/2021 6:45,63.821,7.882,62.3946,1.4264,
6/18/2021 7:00,63.855,7.882,62.4122,1.4428,
6/18/2021 7:15,63.855,7.882,62.4101,1.4449,
6/18/2021 7:30,63.89,7.882,62.4231,1.4669,
6/18/2021 7:45,63.89,7.882,62.4671,1.4229,
6/18/2021 8:00,63.913,7.882,62.4826,1.4304,
6/18/2021 8:15,63.913,7.882,62.4891,1.4239,
6/18/2021 8:30,63.89,7.882,62.4859,1.4041,
6/18/2021 8:45,63.913,7.882,62.5095,1.4035,
6/18/2021 9:00,63.913,7.882,62.5162,1.3968,
6/18/2021 9:15,63.916,7.983,62.4891,1.4269,
6/18/2021 9:30,63.916,7.983,62.5216,1.3944,
6/18/2021 9:45,63.919,8.082,62.5295,1.3895,
6/18/2021 10:00,63.922,8.182,62.5321,1.3899,
6/18/2021 10:15,63.948,8.282,62.5434,1.4046,
6/18/2021 10:30,63.925,8.282,62.5338,1.3912,
6/18/2021 10:45,63.917,8.382,62.5421,1.3749,
6/18/2021 11:00,63.92,8.481,62.6251,1.2949,
6/18/2021 11:15,63.9,8.581,62.5347,1.3653,
6/18/2021 11:30,63.895,8.779,62.5098,1.3852,
6/18/2021 11:45,63.91,8.879,62.4934,1.4166,
6/18/2021 12:00,62.566,14.996,62.4887,0.0773,0.000418
6/18/2021 12:15,63.852,9.965,62.4669,1.3851,
6/18/2021 12:30,63.79,9.472,62.4481,1.3419,
6/18/2021 12:45,63.756,9.472,62.448,1.308,
6/18/2021 13:00,63.753,9.373,62.4456,1.3074,
6/18/2021 13:15,63.761,9.275,62.4321,1.3289,
6/18/2021 13:30,63.735,9.176,62.4309,1.3041,
6/18/2021 13:45,63.727,9.275,62.4134,1.3136,
6/18/2021 14:00,63.718,9.373,62.3952,1.3228,
6/18/2021 14:15,63.733,9.472,62.3881,1.3449,
6/18/2021 14:30,63.687,9.472,62.3731,1.3139,
6/18/2021 14:45,63.695,9.373,62.3708,1.3242,
6/18/2021 15:00,63.678,9.176,62.3746,1.3034,
6/18/2021 15:15,63.691,8.879,62.3477,1.3433,
6/18/2021 15:30,63.677,8.779,62.3517,1.3253,
6/18/2021 15:45,63.685,8.68,62.3513,1.3337,
6/18/2021 16:00,63.677,8.779,62.3483,1.3287,
6/18/2021 16:15,63.672,8.978,62.3548,1.3172,
6/18/2021 16:30,63.66,8.978,62.3557,1.3043,
6/18/2021 16:45,63.683,8.978,62.3656,1.3174,
6/18/2021 17:00,63.68,8.879,62.3725,1.3075,
6/18/2021 17:15,63.68,8.879,62.3688,1.3112,
6/18/2021 17:30,63.68,8.879,62.3767,1.3033,
6/18/2021 17:45,63.677,8.779,62.3907,1.2863,
6/18/2021 18:00,63.685,8.68,62.3952,1.2898,
6/18/2021 18:15,63.705,8.581,62.413,1.292,
6/18/2021 18:30,63.728,8.581,62.4211,1.3069,
6/18/2021 18:45,63.713,8.481,62.4284,1.2846,
6/18/2021 19:00,63.745,8.382,62.4433,1.3017,
6/18/2021 19:15,63.722,8.382,62.4348,1.2872,
6/18/2021 19:30,63.742,8.282,62.4403,1.3017,
6/18/2021 19:45,63.742,8.282,62.4506,1.2914,
6/18/2021 20:00,63.738,8.182,62.447,1.291,
6/18/2021 20:15,63.75,8.182,62.4679,1.2821,
6/18/2021 20:30,63.738,8.182,62.4677,1.2703,
6/18/2021 20:45,63.773,8.182,62.4765,1.2965,
6/18/2021 21:00,63.747,8.082,62.4894,1.2576,
6/18/2021 21:15,63.781,8.082,62.4838,1.2972,
6/18/2021 21:30,63.781,8.082,62.4859,1.2951,
6/18/2021 21:45,63.781,8.082,62.5029,1.2781,
6/18/2021 22:00,63.801,7.983,62.4973,1.3037,
6/18/2021 22:15,63.801,7.983,62.4899,1.3111,
6/18/2021 22:30,63.789,7.983,62.4853,1.3037,
6/18/2021 22:45,63.778,7.983,62.4791,1.2989,
6/18/2021 23:00,63.763,7.882,62.4845,1.2785,
6/18/2021 23:15,63.763,7.882,62.472,1.291,
6/18/2021 23:30,63.74,7.882,62.4857,1.2543,
6/18/2021 23:45,63.763,7.882,62.4648,1.2982,
6/19/2021 0:00,63.729,7.882,62.4628,1.2662,
6/19/2021 0:15,63.737,7.782,62.4611,1.2759,
6/19/2021 0:30,63.748,7.782,62.459,1.289,
6/19/2021 0:45,63.725,7.782,62.4341,1.2909,
6/19/2021 1:00,63.714,7.782,62.4326,1.2814,
6/19/2021 1:15,63.703,7.782,62.4171,1.2859,
6/19/2021 1:30,63.691,7.782,62.4123,1.2787,
6/19/2021 1:45,63.699,7.682,62.4013,1.2977,
6/19/2021 2:00,63.688,7.682,62.3913,1.2967,
6/19/2021 2:15,63.676,7.682,62.3864,1.2896,
6/19/2021 2:30,63.708,7.582,62.3926,1.3154,
6/19/2021 2:45,63.696,7.582,62.3974,1.2986,
6/19/2021 3:00,63.708,7.582,62.385,1.323,
6/19/2021 3:15,63.716,7.481,62.3912,1.3248,
6/19/2021 3:30,63.716,7.481,62.3919,1.3241,
6/19/2021 3:45,63.724,7.381,62.3936,1.3304,
6/19/2021 4:00,63.735,7.381,62.3979,1.3371,
6/19/2021 4:15,63.744,7.28,62.396,1.348,
6/19/2021 4:30,63.767,7.28,62.4024,1.3646,
6/19/2021 4:45,63.809,7.179,62.4087,1.4003,
6/19/2021 5:00,63.86,6.978,62.4126,1.4474,
6/19/2021 5:15,63.889,6.471,62.4187,1.4703,
6/19/2021 5:30,63.921,6.064,62.4173,1.5037,
6/19/2021 5:45,63.972,5.86,62.4149,1.5571,
6/19/2021 6:00,63.991,5.757,62.4341,1.5569,
6/19/2021 6:15,64.018,5.86,62.4488,1.5692,
6/19/2021 6:30,64.018,5.86,62.4452,1.5728,
6/19/2021 6:45,64.006,5.86,62.4491,1.5569,
6/19/2021 7:00,64.01,5.962,62.4237,1.5863,
6/19/2021 7:15,64.044,5.962,62.4443,1.5997,
6/19/2021 7:30,64.07,6.064,62.483,1.587,
6/19/2021 7:45,64.093,6.064,62.4988,1.5942,
6/19/2021 8:00,64.116,6.064,62.5034,1.6126,
6/19/2021 8:15,64.154,6.166,62.5279,1.6261,
6/19/2021 8:30,64.146,6.268,62.5331,1.6129,
6/19/2021 8:45,64.161,6.37,62.528,1.633,
6/19/2021 9:00,64.173,6.37,62.5303,1.6427,
6/19/2021 9:15,64.191,6.573,62.5329,1.6581,
6/19/2021 9:30,64.209,6.775,62.5458,1.6632,
6/19/2021 9:45,64.224,6.877,62.543,1.681,
6/19/2021 10:00,64.205,6.978,62.5502,1.6548,
6/19/2021 10:15,64.208,7.079,62.5514,1.6566,
6/19/2021 10:30,64.257,7.179,62.5797,1.6773,
6/19/2021 10:45,64.257,7.179,62.5828,1.6742,
6/19/2021 11:00,64.264,7.381,62.5879,1.6761,
6/19/2021 11:15,64.267,7.481,62.5936,1.6734,
6/19/2021 11:30,64.265,7.782,62.5802,1.6848,
6/19/2021 11:45,64.269,7.882,62.5768,1.6922,
6/19/2021 12:00,64.28,7.882,62.5557,1.7243,
6/19/2021 12:15,64.28,7.882,62.5573,1.7227,
6/19/2021 12:30,64.326,7.882,62.5338,1.7922,
6/19/2021 12:45,64.334,7.782,62.5233,1.8107,
6/19/2021 13:00,64.295,7.983,62.4974,1.7976,
6/19/2021 13:15,64.282,8.282,62.486,1.796,
6/19/2021 13:30,64.25,8.382,62.4863,1.7637,
6/19/2021 13:45,64.285,8.382,62.4811,1.8039,
6/19/2021 14:00,64.288,8.481,62.4589,1.8291,
6/19/2021 14:15,64.303,8.581,62.4472,1.8558,
6/19/2021 14:30,64.288,8.481,62.4282,1.8598,
6/19/2021 14:45,64.291,8.581,62.4143,1.8767,
6/19/2021 15:00,64.266,8.879,62.4106,1.8554,
6/19/2021 15:15,64.289,8.879,62.4001,1.8889,
6/19/2021 15:30,64.292,8.978,62.4029,1.8891,
6/19/2021 15:45,64.312,8.879,62.4127,1.8993,
6/19/2021 16:00,64.309,8.779,62.4086,1.9004,
6/19/2021 16:15,64.309,8.779,62.4086,1.9004,
6/19/2021 16:30,64.324,8.879,62.4199,1.9041,
6/19/2021 16:45,64.338,8.978,62.423,1.915,
6/19/2021 17:00,64.37,8.879,62.4236,1.9464,
6/19/2021 17:15,64.366,8.779,62.4309,1.9351,
6/19/2021 17:30,64.401,8.779,62.4452,1.9558,
6/19/2021 17:45,64.429,8.581,62.4494,1.9796,
6/19/2021 18:00,64.391,8.481,62.4554,1.9356,
6/19/2021 18:15,64.423,8.382,62.4485,1.9745,
6/19/2021 18:30,64.382,8.182,62.4525,1.9295,
6/19/2021 18:45,64.39,8.082,62.4724,1.9176,
6/19/2021 19:00,64.444,7.983,62.4934,1.9506,
6/19/2021 19:15,64.495,7.782,62.5067,1.9883,
6/19/2021 19:30,64.546,7.582,62.5295,2.0165,
6/19/2021 19:45,64.554,7.481,62.5423,2.0117,
6/19/2021 20:00,64.609,7.381,62.558,2.051,
6/19/2021 20:15,64.605,7.28,62.5854,2.0196,
6/19/2021 20:30,64.651,7.28,62.5976,2.0534,
6/19/2021 20:45,64.613,7.179,62.5971,2.0159,
6/19/2021 21:00,64.59,7.179,62.6081,1.9819,
6/19/2021 21:15,64.61,7.079,62.6249,1.9851,
6/19/2021 21:30,64.587,7.079,62.6232,1.9638,
6/19/2021 21:45,64.584,6.978,62.6326,1.9514,
6/19/2021 22:00,64.557,6.877,62.6156,1.9414,
6/19/2021 22:15,64.534,6.877,62.6017,1.9323,
6/19/2021 22:30,64.531,6.775,62.6125,1.9185,
6/19/2021 22:45,64.519,6.775,62.6089,1.9101,
6/19/2021 23:00,64.508,6.775,62.6129,1.8951,
6/19/2021 23:15,64.505,6.674,62.6153,1.8897,
6/19/2021 23:30,64.513,6.573,62.5945,1.9185,
6/19/2021 23:45,64.478,6.573,62.6039,1.8741,
6/20/2021 0:00,64.475,6.471,62.5822,1.8928,
6/20/2021 0:15,64.463,6.471,62.5703,1.8927,
6/20/2021 0:30,64.414,6.37,62.5476,1.8664,
6/20/2021 0:45,64.379,6.37,62.5384,1.8406,
6/20/2021 1:00,64.399,6.268,62.5212,1.8778,
6/20/2021 1:15,64.341,6.268,62.497,1.844,
6/20/2021 1:30,64.33,6.268,62.4841,1.8459,
6/20/2021 1:45,64.284,6.268,62.4601,1.8239,
6/20/2021 2:00,64.258,6.166,62.4591,1.7989,
6/20/2021 2:15,64.269,6.166,62.4494,1.8196,
6/20/2021 2:30,64.269,6.166,62.45,1.819,
6/20/2021 2:45,64.3,6.064,62.4494,1.8506,
6/20/2021 3:00,64.277,6.064,62.4464,1.8306,
6/20/2021 3:15,64.277,6.064,62.4427,1.8343,
6/20/2021 3:30,64.289,6.064,62.4504,1.8386,
6/20/2021 3:45,64.285,5.962,62.4459,1.8391,
6/20/2021 4:00,64.282,5.86,62.4454,1.8366,
6/20/2021 4:15,64.278,5.757,62.4422,1.8358,
6/20/2021 4:30,64.267,5.757,62.438,1.829,
6/20/2021 4:45,64.321,5.655,62.445,1.876,
6/20/2021 5:00,64.34,5.552,62.4523,1.8877,
6/20/2021 5:15,64.313,5.45,62.4529,1.8601,
6/20/2021 5:30,64.382,5.45,62.4776,1.9044,
6/20/2021 5:45,64.402,5.347,62.4672,1.9348,
6/20/2021 6:00,64.379,5.347,62.4805,1.8985,
6/20/2021 6:15,64.436,5.347,62.5016,1.9344,
6/20/2021 6:30,64.467,5.244,62.5103,1.9567,
6/20/2021 6:45,64.498,5.141,62.5296,1.9684,
6/20/2021 7:00,64.521,4.831,62.5146,2.0064,
6/20/2021 7:15,64.518,4.727,62.4977,2.0203,
6/20/2021 7:30,64.541,4.727,62.5145,2.0265,
6/20/2021 7:45,64.59,4.831,62.5273,2.0627,
6/20/2021 8:00,64.602,4.831,62.5291,2.0729,
6/20/2021 8:15,64.594,4.934,62.5343,2.0597,
6/20/2021 8:30,64.666,5.037,62.5501,2.1159,
6/20/2021 8:45,64.659,5.141,62.5526,2.1064,
6/20/2021 9:00,64.674,5.244,62.5459,2.1281,
6/20/2021 9:15,64.7,5.347,62.5391,2.1609,
6/20/2021 9:30,64.712,5.347,62.5635,2.1485,
6/20/2021 9:45,64.727,5.45,62.5354,2.1916,
6/20/2021 10:00,64.765,5.552,62.5646,2.2004,
6/20/2021 10:15,64.814,5.655,62.5384,2.2756,
6/20/2021 10:30,64.81,5.86,62.5482,2.2618,
6/20/2021 10:45,64.805,6.064,62.5686,2.2364,
6/20/2021 11:00,64.889,6.166,62.5618,2.3272,
6/20/2021 11:15,64.835,6.268,62.5452,2.2898,
6/20/2021 11:30,64.862,6.37,62.5464,2.3156,
6/20/2021 11:45,64.877,6.471,62.5525,2.3245,
6/20/2021 12:00,64.854,6.471,62.5652,2.2888,
6/20/2021 12:15,64.9,6.471,62.5607,2.3393,
6/20/2021 12:30,64.934,6.471,62.5394,2.3946,
6/20/2021 12:45,64.911,6.471,62.5259,2.3851,
6/20/2021 13:00,64.872,6.674,62.5198,2.3522,
6/20/2021 13:15,64.907,6.674,62.5071,2.3999,
6/20/2021 13:30,64.884,6.674,62.5,2.384,
6/20/2021 13:45,64.89,6.877,62.483,2.407,
6/20/2021 14:00,64.909,7.079,62.4579,2.4511,
6/20/2021 14:15,64.832,7.179,62.4524,2.3796,
6/20/2021 14:30,64.892,7.28,62.4348,2.4572,
6/20/2021 14:45,64.901,7.179,62.4296,2.4714,
6/20/2021 15:00,64.878,7.179,62.436,2.442,
6/20/2021 15:15,64.873,7.381,62.4394,2.4336,
6/20/2021 15:30,64.891,7.582,62.4322,2.4588,
6/20/2021 15:45,64.894,7.682,62.4239,2.4701,
6/20/2021 16:00,64.837,7.682,62.4259,2.4111,
6/20/2021 16:15,64.871,7.682,62.4132,2.4578,
6/20/2021 16:30,64.837,7.682,62.4222,2.4148,
6/20/2021 16:45,64.833,7.582,62.4339,2.3991,
6/20/2021 17:00,64.83,7.481,62.4459,2.3841,
6/20/2021 17:15,64.815,7.381,62.4545,2.3605,
6/20/2021 17:30,64.792,7.381,62.4572,2.3348,
6/20/2021 17:45,64.812,7.28,62.4662,2.3458,
6/20/2021 18:00,64.797,7.179,62.4857,2.3113,
6/20/2021 18:15,64.725,7.079,62.4875,2.2375,
6/20/2021 18:30,64.687,6.978,62.4914,2.1956,
6/20/2021 18:45,64.73,6.877,62.5068,2.2232,
6/20/2021 19:00,64.757,6.674,62.519,2.238,
6/20/2021 19:15,64.742,6.573,62.5288,2.2132,
6/20/2021 19:30,64.739,6.471,62.5363,2.2027,
6/20/2021 19:45,64.801,6.268,62.5443,2.2567,
6/20/2021 20:00,64.836,5.962,62.5452,2.2908,
6/20/2021 20:15,64.844,5.86,62.5584,2.2856,
6/20/2021 20:30,64.864,5.757,62.5628,2.3012,
6/20/2021 20:45,64.818,5.757,62.5704,2.2476,
6/20/2021 21:00,64.898,5.757,62.5686,2.3294,
6/20/2021 21:15,64.868,5.552,62.5668,2.3012,
6/20/2021 21:30,64.922,5.45,62.5843,2.3377,
6/20/2021 21:45,64.888,5.45,62.6055,2.2825,
6/20/2021 22:00,64.949,5.244,62.6059,2.3431,
6/20/2021 22:15,64.973,4.934,62.5986,2.3744,
6/20/2021 22:30,64.985,4.623,62.6086,2.3764,
6/20/2021 22:45,64.989,4.415,62.6165,2.3725,
6/20/2021 23:00,65.016,4.207,62.6163,2.3997,
6/20/2021 23:15,65.027,3.893,62.6033,2.4237,
6/20/2021 23:30,65.035,3.788,62.5995,2.4355,
6/20/2021 23:45,65.05,3.578,62.5928,2.4572,
6/21/2021 0:00,65.073,3.261,62.5727,2.5003,
6/21/2021 0:15,65.096,2.943,62.5547,2.5413,
6/21/2021 0:30,65.027,2.943,62.547,2.48,
6/21/2021 0:45,65.096,2.943,62.5273,2.5687,
6/21/2021 1:00,65.031,3.049,62.5184,2.5126,
6/21/2021 1:15,64.973,3.049,62.4988,2.4742,
6/21/2021 1:30,65.046,3.155,62.4883,2.5577,
6/21/2021 1:45,65.004,3.261,62.4881,2.5159,
6/21/2021 2:00,65.008,3.367,62.4708,2.5372,
6/21/2021 2:15,64.989,3.472,62.465,2.524,
6/21/2021 2:30,64.943,3.472,62.4387,2.5043,
6/21/2021 2:45,64.981,3.578,62.4294,2.5516,
6/21/2021 3:00,65.004,3.578,62.405,2.599,
6/21/2021 3:15,65.054,3.683,62.4117,2.6423,
6/21/2021 3:30,64.997,3.683,62.4075,2.5895,
6/21/2021 3:45,65.031,3.683,62.4089,2.6221,
6/21/2021 4:00,65.1,3.683,62.4159,2.6841,
6/21/2021 4:15,65.043,3.683,62.4242,2.6188,
6/21/2021 4:30,65.203,3.683,62.4354,2.7676,
6/21/2021 4:45,65.134,3.683,62.4394,2.6946,
6/21/2021 5:00,65.421,3.683,62.4475,2.9735,
6/21/2021 5:15,65.272,3.683,62.4534,2.8186,
6/21/2021 5:30,65.364,3.683,62.4604,2.9036,
6/21/2021 5:45,65.41,3.683,62.4699,2.9401,
6/21/2021 6:00,65.364,3.683,62.4664,2.8976,
6/21/2021 6:15,65.341,3.683,62.479,2.862,
6/21/2021 6:30,65.433,3.683,62.4839,2.9491,
6/21/2021 6:45,65.329,3.683,62.4907,2.8383,
6/21/2021 7:00,65.295,3.683,62.5012,2.7938,
6/21/2021 7:15,65.341,3.683,62.5238,2.8172,
6/21/2021 7:30,65.307,3.683,62.5344,2.7726,
6/21/2021 7:45,65.379,3.788,62.5573,2.8217,
6/21/2021 8:00,65.337,3.893,62.5686,2.7684,
6/21/2021 8:15,65.295,3.998,62.5795,2.7155,
6/21/2021 8:30,65.31,4.102,62.5968,2.7132,
6/21/2021 8:45,65.349,4.207,62.6012,2.7478,
6/21/2021 9:00,65.322,4.415,62.6093,2.7127,
6/21/2021 9:15,65.306,4.623,62.6226,2.6834,
6/21/2021 9:30,65.279,4.831,62.6233,2.6557,
6/21/2021 9:45,65.302,5.141,62.6295,2.6725,
6/21/2021 10:00,65.244,5.45,62.6261,2.6179,
6/21/2021 10:15,65.189,5.86,62.6285,2.5605,
6/21/2021 10:30,65.191,6.268,62.6259,2.5651,
6/21/2021 10:45,65.213,6.573,62.6315,2.5815,
6/21/2021 11:00,65.232,6.775,62.628,2.604,
6/21/2021 11:15,65.174,6.775,62.6236,2.5504,
6/21/2021 11:30,65.193,6.978,62.6085,2.5845,
6/21/2021 11:45,65.116,7.079,62.616,2.5,
6/21/2021 12:00,65.157,7.28,62.6158,2.5412,
6/21/2021 12:15,65.129,7.481,62.6056,2.5234,
6/21/2021 12:30,65.131,7.882,62.5909,2.5401,
6/21/2021 12:45,65.101,8.382,62.5864,2.5146,
6/21/2021 13:00,65.068,8.779,62.572,2.496,
6/21/2021 13:15,65.017,8.978,62.556,2.461,
6/21/2021 13:30,65.02,9.077,62.5497,2.4703,
6/21/2021 13:45,64.991,9.275,62.5347,2.4563,
6/21/2021 14:00,64.998,9.472,62.521,2.477,
6/21/2021 14:15,65.004,9.669,62.5056,2.4984,
6/21/2021 14:30,64.941,9.866,62.4829,2.4581,
6/21/2021 14:45,64.901,10.063,62.4699,2.4311,
6/21/2021 15:00,64.881,10.161,62.457,2.424,
6/21/2021 15:15,64.855,10.455,62.4435,2.4115,
6/21/2021 15:30,64.85,10.651,62.445,2.405,
6/21/2021 15:45,64.824,10.553,62.4392,2.3848,
6/21/2021 16:00,64.824,10.553,62.4459,2.3781,
6/21/2021 16:15,64.786,10.455,62.4347,2.3513,
6/21/2021 16:30,64.792,10.259,62.4315,2.3605,
6/21/2021 16:45,64.766,10.161,62.4332,2.3328,
6/21/2021 17:00,64.76,9.965,62.433,2.327,
6/21/2021 17:15,64.739,9.669,62.4335,2.3055,
6/21/2021 17:30,64.768,9.472,62.4354,2.3326,
6/21/2021 17:45,64.712,9.176,62.4348,2.2772,
6/21/2021 18:00,64.703,8.879,62.4378,2.2652,
6/21/2021 18:15,64.708,8.68,62.4551,2.2529,
6/21/2021 18:30,64.71,8.382,62.4716,2.2384,
6/21/2021 18:45,64.727,8.182,62.483,2.244,
6/21/2021 19:00,64.709,7.983,62.4935,2.2155,
6/21/2021 19:15,64.705,7.882,62.5128,2.1922,
6/21/2021 19:30,64.756,7.682,62.526,2.23,
6/21/2021 19:45,64.765,7.582,62.5226,2.2424,
6/21/2021 20:00,64.727,7.481,62.5272,2.1998,
6/21/2021 20:15,64.758,7.381,62.5257,2.2323,
6/21/2021 20:30,64.705,7.179,62.5428,2.1622,
6/21/2021 20:45,64.748,7.079,62.5401,2.2079,
6/21/2021 21:00,64.736,7.079,62.5487,2.1873,
6/21/2021 21:15,64.733,6.978,62.5519,2.1811,
6/21/2021 21:30,64.776,6.877,62.559,2.217,
6/21/2021 21:45,64.715,6.775,62.5451,2.1699,
6/21/2021 22:00,64.711,6.674,62.5508,2.1602,
6/21/2021 22:15,64.731,6.573,62.5492,2.1818,
6/21/2021 22:30,64.693,6.471,62.5483,2.1447,
6/21/2021 22:45,64.724,6.37,62.5488,2.1752,
6/21/2021 23:00,64.698,6.268,62.5532,2.1448,
6/21/2021 23:15,64.671,6.166,62.5413,2.1297,
6/21/2021 23:30,64.702,6.064,62.5718,2.1302,
6/21/2021 23:45,64.676,5.962,62.5611,2.1149,
6/22/2021 0:00,64.718,5.86,62.5746,2.1434,
6/22/2021 0:15,64.657,5.757,62.5652,2.0918,
6/22/2021 0:30,64.669,5.757,62.561,2.108,
6/22/2021 0:45,64.642,5.655,62.5521,2.0899,
6/22/2021 1:00,64.619,5.655,62.5354,2.0836,
6/22/2021 1:15,64.608,5.655,62.5249,2.0831,
6/22/2021 1:30,64.616,5.552,62.5214,2.0946,
6/22/2021 1:45,64.604,5.552,62.5096,2.0944,
6/22/2021 2:00,64.604,5.552,62.4941,2.1099,
6/22/2021 2:15,64.593,5.552,62.4948,2.0982,
6/22/2021 2:30,64.57,5.552,62.4865,2.0835,
6/22/2021 2:45,64.593,5.552,62.4746,2.1184,
6/22/2021 3:00,64.566,5.45,62.4686,2.0974,
6/22/2021 3:15,64.555,5.45,62.4634,2.0916,
6/22/2021 3:30,64.589,5.45,62.4743,2.1147,
6/22/2021 3:45,64.585,5.347,62.4673,2.1177,
6/22/2021 4:00,64.574,5.347,62.4736,2.1004,
6/22/2021 4:15,64.551,5.347,62.4716,2.0794,
6/22/2021 4:30,64.551,5.347,62.4703,2.0807,
6/22/2021 4:45,64.539,5.347,62.4634,2.0756,
6/22/2021 5:00,64.562,5.347,62.4598,2.1022,
6/22/2021 5:15,64.547,5.244,62.4775,2.0695,
6/22/2021 5:30,64.57,5.244,62.496,2.074,
6/22/2021 5:45,64.57,5.244,62.4928,2.0772,
6/22/2021 6:00,64.57,5.244,62.5006,2.0694,
6/22/2021 6:15,64.555,5.141,62.5043,2.0507,
6/22/2021 6:30,64.555,5.141,62.507,2.048,
6/22/2021 6:45,64.567,5.141,62.5127,2.0543,
6/22/2021 7:00,64.59,5.141,62.5382,2.0518,
6/22/2021 7:15,64.578,5.141,62.5566,2.0214,
6/22/2021 7:30,64.601,5.141,62.5735,2.0275,
6/22/2021 7:45,64.639,5.244,62.5857,2.0533,
6/22/2021 8:00,64.631,5.347,62.6017,2.0293,
6/22/2021 8:15,64.658,5.45,62.6196,2.0384,
6/22/2021 8:30,64.688,5.655,62.6416,2.0464,
6/22/2021 8:45,64.692,5.757,62.654,2.038,
6/22/2021 9:00,64.722,5.962,62.6484,2.0736,
6/22/2021 9:15,64.684,5.86,62.6483,2.0357,
6/22/2021 9:30,64.695,5.86,62.6535,2.0415,
6/22/2021 9:45,64.699,5.962,62.6562,2.0428,
6/22/2021 10:00,64.714,6.064,62.6586,2.0554,
6/22/2021 10:15,64.706,6.166,62.6571,2.0489,
6/22/2021 10:30,64.724,6.37,62.6493,2.0747,
6/22/2021 10:45,64.685,6.573,62.6517,2.0333,
6/22/2021 11:00,64.669,6.775,62.6315,2.0375,
6/22/2021 11:15,64.664,6.978,62.6229,2.0411,
6/22/2021 11:30,64.659,7.179,62.613,2.046,
6/22/2021 11:45,64.646,7.481,62.6037,2.0423,
6/22/2021 12:00,64.673,7.582,62.6048,2.0682,
6/22/2021 12:15,64.666,8.082,62.5999,2.0661,
6/22/2021 12:30,64.638,8.282,62.5932,2.0448,
6/22/2021 12:45,64.626,8.282,62.5653,2.0607,
6/22/2021 13:00,64.626,8.282,62.5659,2.0601,
6/22/2021 13:15,64.63,8.382,62.5581,2.0719,
6/22/2021 13:30,64.582,8.68,62.5358,2.0462,
6/22/2021 13:45,64.608,8.779,62.5337,2.0743,
6/22/2021 14:00,64.619,8.779,62.5205,2.0985,
6/22/2021 14:15,64.554,8.879,62.5107,2.0433,
6/22/2021 14:30,64.562,8.779,62.5043,2.0577,
6/22/2021 14:45,64.55,8.779,62.4931,2.0569,
6/22/2021 15:00,64.562,8.779,62.4902,2.0718,
6/22/2021 15:15,64.55,8.779,62.4804,2.0696,
6/22/2021 15:30,64.545,8.978,62.4812,2.0638,
6/22/2021 15:45,64.537,9.077,62.4772,2.0598,
6/22/2021 16:00,64.537,9.077,62.4685,2.0685,
6/22/2021 16:15,64.525,9.077,62.4641,2.0609,
6/22/2021 16:30,64.525,9.077,62.4594,2.0656,
6/22/2021 16:45,64.555,9.275,62.4576,2.0974,
6/22/2021 17:00,64.494,9.176,62.4531,2.0409,
6/22/2021 17:15,64.479,9.077,62.454,2.025,
6/22/2021 17:30,64.488,8.978,62.4531,2.0349,
6/22/2021 17:45,64.47,8.779,62.4612,2.0088,
6/22/2021 18:00,64.475,8.581,62.4655,2.0095,
6/22/2021 18:15,64.469,8.382,62.469,2,
6/22/2021 18:30,64.477,8.282,62.4748,2.0022,
6/22/2021 18:45,64.459,8.082,62.4772,1.9818,
6/22/2021 19:00,64.464,7.882,62.4907,1.9733,
6/22/2021 19:15,64.472,7.782,62.5096,1.9624,
6/22/2021 19:30,64.469,7.682,62.5154,1.9536,
6/22/2021 19:45,64.485,7.481,62.5181,1.9669,
6/22/2021 20:00,64.482,7.381,62.5198,1.9622,
6/22/2021 20:15,64.49,7.28,62.5371,1.9529,
6/22/2021 20:30,64.51,7.179,62.5477,1.9623,
6/22/2021 20:45,64.495,7.079,62.5656,1.9294,
6/22/2021 21:00,64.495,7.079,62.5693,1.9257,
6/22/2021 21:15,64.526,6.978,62.5743,1.9517,
6/22/2021 21:30,64.523,6.877,62.5906,1.9324,
6/22/2021 21:45,64.523,6.877,62.6035,1.9195,
6/22/2021 22:00,64.546,6.877,62.5914,1.9546,
6/22/2021 22:15,64.542,6.775,62.597,1.945,
6/22/2021 22:30,64.542,6.775,62.6071,1.9349,
6/22/2021 22:45,64.539,6.674,62.6073,1.9317,
6/22/2021 23:00,64.528,6.674,62.5977,1.9303,
6/22/2021 23:15,64.524,6.573,62.5783,1.9457,
6/22/2021 23:30,64.524,6.573,62.5757,1.9483,
6/22/2021 23:45,64.494,6.37,62.5726,1.9214,
6/23/2021 0:00,64.483,6.37,62.549,1.934,
6/23/2021 0:15,64.425,6.37,62.535,1.89,
6/23/2021 0:30,64.468,6.268,62.5376,1.9304,
6/23/2021 0:45,64.445,6.268,62.5399,1.9051,
6/23/2021 1:00,64.407,6.166,62.5139,1.8931,
6/23/2021 1:15,64.43,6.166,62.5095,1.9205,
6/23/2021 1:30,64.418,6.166,62.4991,1.9189,
6/23/2021 1:45,64.392,6.064,62.487,1.905,
6/23/2021 2:00,64.369,6.064,62.4752,1.8938,
6/23/2021 2:15,64.358,6.064,62.4599,1.8981,
6/23/2021 2:30,64.358,6.064,62.4541,1.9039,
6/23/2021 2:45,64.354,5.962,62.4489,1.9051,
6/23/2021 3:00,64.377,5.962,62.4497,1.9273,
6/23/2021 3:15,64.396,5.86,62.4389,1.9571,
6/23/2021 3:30,64.404,5.757,62.4446,1.9594,
6/23/2021 3:45,64.417,5.45,62.4353,1.9817,
6/23/2021 4:00,64.402,5.347,62.4361,1.9659,
6/23/2021 4:15,64.41,5.244,62.4447,1.9653,
6/23/2021 4:30,64.41,5.244,62.4464,1.9636,
6/23/2021 4:45,64.425,5.347,62.4421,1.9829,
6/23/2021 5:00,64.436,5.347,62.4465,1.9895,
6/23/2021 5:15,64.425,5.347,62.4565,1.9685,
6/23/2021 5:30,64.436,5.347,62.4678,1.9682,
6/23/2021 5:45,64.436,5.347,62.4727,1.9633,
6/23/2021 6:00,64.436,5.347,62.4824,1.9536,
6/23/2021 6:15,64.444,5.244,62.4911,1.9529,
6/23/2021 6:30,64.433,5.244,62.5015,1.9315,
6/23/2021 6:45,64.478,5.244,62.5175,1.9605,
6/23/2021 7:00,64.49,5.244,62.5241,1.9659,
6/23/2021 7:15,64.501,5.244,62.5401,1.9609,
6/23/2021 7:30,64.49,5.244,62.5459,1.9441,
6/23/2021 7:45,64.517,5.347,62.5572,1.9598,
6/23/2021 8:00,64.52,5.45,62.5706,1.9494,
6/23/2021 8:15,64.558,5.552,62.5822,1.9758,
6/23/2021 8:30,64.562,5.655,62.5949,1.9671,
6/23/2021 8:45,64.546,5.86,62.5964,1.9496,
6/23/2021 9:00,64.564,6.064,62.6036,1.9604,
6/23/2021 9:15,64.578,6.471,62.6084,1.9696,
6/23/2021 9:30,64.577,6.775,62.6106,1.9664,
6/23/2021 9:45,64.567,7.179,62.6196,1.9474,
6/23/2021 10:00,64.589,7.481,62.6227,1.9663,
6/23/2021 10:15,64.587,7.782,62.6275,1.9595,
6/23/2021 10:30,64.6,8.182,62.6278,1.9722,
6/23/2021 10:45,64.595,8.382,62.6214,1.9736,
6/23/2021 11:00,64.618,8.382,62.6103,2.0077,
6/23/2021 11:15,64.602,8.581,62.6085,1.9935,
6/23/2021 11:30,64.58,8.978,62.6046,1.9754,
6/23/2021 11:45,64.587,9.571,62.6044,1.9826,
6/23/2021 12:00,64.593,9.768,62.5947,1.9983,
6/23/2021 12:15,64.613,10.063,62.5919,2.0211,
6/23/2021 12:30,64.602,10.455,62.5915,2.0105,
6/23/2021 12:45,64.594,10.553,62.5896,2.0044,
6/23/2021 13:00,64.579,10.455,62.5806,1.9984,
6/23/2021 13:15,64.562,10.259,62.568,1.994,
6/23/2021 13:30,64.539,10.259,62.5545,1.9845,
6/23/2021 13:45,64.545,10.846,62.5464,1.9986,
6/23/2021 14:00,64.531,11.528,62.5282,2.0028,
6/23/2021 14:15,64.519,11.528,62.5145,2.0045,
6/23/2021 14:30,64.465,11.625,62.4985,1.9665,
6/23/2021 14:45,64.481,12.207,62.4831,1.9979,
6/23/2021 15:00,64.452,12.401,62.4699,1.9821,
6/23/2021 15:15,64.429,12.401,62.4583,1.9707,
6/23/2021 15:30,64.404,12.304,62.4495,1.9545,
6/23/2021 15:45,64.41,12.11,62.4457,1.9643,
6/23/2021 16:00,64.395,12.013,62.4489,1.9461,
6/23/2021 16:15,64.375,11.722,62.4496,1.9254,
6/23/2021 16:30,64.387,11.334,62.4524,1.9346,
6/23/2021 16:45,64.39,11.041,62.4522,1.9378,
6/23/2021 17:00,64.399,10.944,62.4498,1.9492,
6/23/2021 17:15,64.404,10.748,62.4544,1.9496,
6/23/2021 17:30,64.395,10.455,62.4592,1.9358,
6/23/2021 17:45,64.412,10.259,62.4685,1.9435,
6/23/2021 18:00,64.418,10.063,62.4726,1.9454,
6/23/2021 18:15,64.4,9.866,62.4882,1.9118,
6/23/2021 18:30,64.409,9.768,62.4856,1.9234,
6/23/2021 18:45,64.403,9.571,62.5012,1.9018,
6/23/2021 19:00,64.42,9.373,62.5072,1.9128,
6/23/2021 19:15,64.413,9.176,62.5168,1.8962,
6/23/2021 19:30,64.433,9.077,62.5259,1.9071,
6/23/2021 19:45,64.442,8.978,62.5135,1.9285,
6/23/2021 20:00,64.439,8.879,62.5309,1.9081,
6/23/2021 20:15,64.458,8.779,62.5301,1.9279,
6/23/2021 20:30,64.441,8.581,62.5352,1.9058,
6/23/2021 20:45,64.449,8.481,62.5463,1.9027,
6/23/2021 21:00,64.446,8.382,62.5655,1.8805,
6/23/2021 21:15,64.489,8.282,62.5781,1.9109,
6/23/2021 21:30,64.489,8.282,62.5915,1.8975,
6/23/2021 21:45,64.497,8.182,62.5884,1.9086,
6/23/2021 22:00,64.494,8.082,62.5983,1.8957,
6/23/2021 22:15,64.471,8.082,62.6027,1.8683,
6/23/2021 22:30,64.479,7.983,62.6068,1.8722,
6/23/2021 22:45,64.513,7.983,62.6068,1.9062,
6/23/2021 23:00,64.476,7.882,62.6081,1.8679,
6/23/2021 23:15,64.487,7.882,62.6031,1.8839,
6/23/2021 23:30,64.453,7.882,62.6028,1.8502,
6/23/2021 23:45,64.461,7.782,62.5975,1.8635,
6/24/2021 0:00,64.461,7.782,62.5849,1.8761,
6/24/2021 0:15,64.458,7.682,62.5913,1.8667,
6/24/2021 0:30,64.42,7.582,62.5656,1.8544,
6/24/2021 0:45,64.382,7.481,62.5399,1.8421,
6/24/2021 1:00,64.379,7.381,62.5344,1.8446,
6/24/2021 1:15,64.364,7.28,62.5276,1.8364,
6/24/2021 1:30,64.372,7.179,62.5243,1.8477,
6/24/2021 1:45,64.361,7.179,62.5069,1.8541,
6/24/2021 2:00,64.357,7.079,62.5008,1.8562,
6/24/2021 2:15,64.342,6.978,62.4869,1.8551,
6/24/2021 2:30,64.308,6.978,62.4817,1.8263,
6/24/2021 2:45,64.316,6.877,62.4802,1.8358,
6/24/2021 3:00,64.328,6.877,62.4708,1.8572,
6/24/2021 3:15,64.29,6.775,62.4631,1.8269,
6/24/2021 3:30,64.301,6.775,62.4579,1.8431,
6/24/2021 3:45,64.255,6.775,62.4398,1.8152,
6/24/2021 4:00,64.24,6.674,62.4364,1.8036,
6/24/2021 4:15,64.252,6.674,62.4429,1.8091,
6/24/2021 4:30,64.229,6.674,62.4386,1.7904,
6/24/2021 4:45,64.26,6.573,62.4457,1.8143,
6/24/2021 5:00,64.26,6.573,62.442,1.818,
6/24/2021 5:15,64.245,6.471,62.4454,1.7996,
6/24/2021 5:30,64.245,6.471,62.4572,1.7878,
6/24/2021 5:45,64.253,6.37,62.461,1.792,
6/24/2021 6:00,64.265,6.37,62.4643,1.8007,
6/24/2021 6:15,64.253,6.37,62.4584,1.7946,
6/24/2021 6:30,64.238,6.268,62.4604,1.7776,
6/24/2021 6:45,64.261,6.268,62.4819,1.7791,
6/24/2021 7:00,64.261,6.268,62.4937,1.7673,
6/24/2021 7:15,64.276,6.37,62.5033,1.7727,
6/24/2021 7:30,64.268,6.471,62.5106,1.7574,
6/24/2021 7:45,64.283,6.573,62.5234,1.7596,
6/24/2021 8:00,64.298,6.674,62.5283,1.7697,
6/24/2021 8:15,64.313,6.775,62.5237,1.7893,
6/24/2021 8:30,64.308,6.978,62.5257,1.7823,
6/24/2021 8:45,64.329,7.28,62.5267,1.8023,
6/24/2021 9:00,64.328,7.582,62.532,1.796,
6/24/2021 9:15,64.37,8.182,62.5464,1.8236,
6/24/2021 9:30,64.372,8.581,62.5492,1.8228,
6/24/2021 9:45,64.376,9.077,62.5556,1.8204,
6/24/2021 10:00,64.383,9.669,62.5595,1.8235,
6/24/2021 10:15,64.435,10.259,62.5686,1.8664,
6/24/2021 10:30,64.43,10.846,62.571,1.859,
6/24/2021 10:45,64.436,11.431,62.5705,1.8655,
6/24/2021 11:00,64.43,12.013,62.5582,1.8718,
6/24/2021 11:15,64.4,12.594,62.5496,1.8504,
6/24/2021 11:30,64.382,13.173,62.5435,1.8385,
6/24/2021 11:45,64.389,13.846,62.5321,1.8569,
6/24/2021 12:00,64.381,14.421,62.5269,1.8541,
6/24/2021 12:15,64.325,14.9,62.5103,1.8147,
6/24/2021 12:30,64.349,15.378,62.5094,1.8396,
6/24/2021 12:45,64.345,15.664,62.5044,1.8406,
6/24/2021 13:00,64.32,16.046,62.4996,1.8204,
6/24/2021 13:15,64.306,16.427,62.4846,1.8214,
6/24/2021 13:30,64.293,16.808,62.4682,1.8248,
6/24/2021 13:45,64.24,16.999,62.4441,1.7959,
6/24/2021 14:00,64.219,17.094,62.4315,1.7875,
6/24/2021 14:15,64.212,17.284,62.4163,1.7957,
6/24/2021 14:30,64.217,17.475,62.4062,1.8108,
6/24/2021 14:45,64.193,17.475,62.3837,1.8093,
6/24/2021 15:00,64.161,17.094,62.3674,1.7936,
6/24/2021 15:15,64.124,16.999,62.3507,1.7733,
6/24/2021 15:30,64.136,16.999,62.3483,1.7877,
6/24/2021 15:45,64.127,16.618,62.3498,1.7772,
6/24/2021 16:00,64.096,15.855,62.3476,1.7484,
6/24/2021 16:15,64.063,15.473,62.3359,1.7271,
6/24/2021 16:30,64.065,15.091,62.3455,1.7195,
6/24/2021 16:45,64.069,14.804,62.3563,1.7127,
6/24/2021 17:00,64.073,14.517,62.3589,1.7141,
6/24/2021 17:15,64.068,14.325,62.3664,1.7016,
6/24/2021 17:30,64.1,14.23,62.3775,1.7225,
6/24/2021 17:45,64.081,13.942,62.3754,1.7056,
6/24/2021 18:00,64.099,13.75,62.3784,1.7206,
6/24/2021 18:15,64.102,13.461,62.3983,1.7037,
6/24/2021 18:30,64.094,13.173,62.3979,1.6961,
6/24/2021 18:45,64.089,12.98,62.4003,1.6887,
6/24/2021 19:00,64.092,12.69,62.4115,1.6805,
6/24/2021 19:15,64.107,12.401,62.4251,1.6819,
6/24/2021 19:30,64.11,12.11,62.4418,1.6682,
6/24/2021 19:45,64.139,11.916,62.45,1.689,
6/24/2021 20:00,64.131,11.625,62.4667,1.6643,
6/24/2021 20:15,64.137,11.431,62.4775,1.6595,
6/24/2021 20:30,64.154,11.236,62.4814,1.6726,
6/24/2021 20:45,64.16,11.041,62.4973,1.6627,
6/24/2021 21:00,64.157,10.944,62.5071,1.6499,
6/24/2021 21:15,64.174,10.748,62.5043,1.6697,
6/24/2021 21:30,64.171,10.651,62.5109,1.6601,
6/24/2021 21:45,64.157,10.553,62.5195,1.6375,
6/24/2021 22:00,64.18,10.553,62.5179,1.6621,
6/24/2021 22:15,64.142,10.455,62.5128,1.6292,
6/24/2021 22:30,64.151,10.357,62.5191,1.6319,
6/24/2021 22:45,64.168,10.161,62.5202,1.6478,
6/24/2021 23:00,64.156,10.161,62.5284,1.6276,
6/24/2021 23:15,64.168,10.161,62.5197,1.6483,
6/24/2021 23:30,64.168,10.161,62.5261,1.6419,
6/24/2021 23:45,64.179,10.161,62.5315,1.6475,
6/25/2021 0:00,64.168,10.161,62.5198,1.6482,
6/25/2021 0:15,64.127,9.965,62.5075,1.6195,
6/25/2021 0:30,64.124,9.866,62.4933,1.6307,
6/25/2021 0:45,64.13,9.669,62.4891,1.6409,
6/25/2021 1:00,64.115,9.571,62.4826,1.6324,
6/25/2021 1:15,64.109,9.373,62.4742,1.6348,
6/25/2021 1:30,64.095,9.275,62.4633,1.6317,
6/25/2021 1:45,64.057,9.176,62.4468,1.6102,
6/25/2021 2:00,64.066,9.077,62.4289,1.6371,
6/25/2021 2:15,64.051,8.978,62.4274,1.6236,
6/25/2021 2:30,64.025,8.879,62.4218,1.6032,
6/25/2021 2:45,64.022,8.779,62.4235,1.5985,
6/25/2021 3:00,64.022,8.779,62.4218,1.6002,
6/25/2021 3:15,64.03,8.68,62.4059,1.6241,
6/25/2021 3:30,64.004,8.581,62.4034,1.6006,
6/25/2021 3:45,64.024,8.481,62.4064,1.6176,
6/25/2021 4:00,63.998,8.382,62.3967,1.6013,
6/25/2021 4:15,63.983,8.282,62.3875,1.5955,
6/25/2021 4:30,63.98,8.182,62.3832,1.5968,
6/25/2021 4:45,63.988,8.082,62.3785,1.6095,
6/25/2021 5:00,63.988,8.082,62.3787,1.6093,
6/25/2021 5:15,63.996,7.983,62.3811,1.6149,
6/25/2021 5:30,63.981,7.882,62.3737,1.6073,
6/25/2021 5:45,63.99,7.782,62.3867,1.6033,
6/25/2021 6:00,64.001,7.782,62.3973,1.6037,
6/25/2021 6:15,63.998,7.682,62.4056,1.5924,
6/25/2021 6:30,64.032,7.682,62.4159,1.6161,
6/25/2021 6:45,64.024,7.782,62.43,1.594,
6/25/2021 7:00,64.024,7.782,62.4349,1.5891,
6/25/2021 7:15,64.027,7.882,62.4426,1.5844,
6/25/2021 7:30,64.042,7.983,62.4521,1.5899,
6/25/2021 7:45,64.054,7.983,62.4793,1.5747,
6/25/2021 8:00,64.08,8.082,62.4967,1.5833,
6/25/2021 8:15,64.072,8.182,62.4948,1.5772,
6/25/2021 8:30,64.083,8.182,62.4969,1.5861,
6/25/2021 8:45,64.078,8.382,62.5008,1.5772,
6/25/2021 9:00,64.081,8.481,62.5105,1.5705,
6/25/2021 9:15,64.122,8.68,62.5244,1.5976,
6/25/2021 9:30,64.125,8.779,62.5257,1.5993,
6/25/2021 9:45,64.128,8.879,62.5351,1.5929,
6/25/2021 10:00,64.12,8.978,62.5313,1.5887,
6/25/2021 10:15,64.131,8.978,62.5262,1.6048,
6/25/2021 10:30,64.111,9.077,62.5305,1.5805,
6/25/2021 10:45,64.129,9.275,62.5356,1.5934,
6/25/2021 11:00,64.129,9.275,,,
6/25/2021 11:15,64.121,9.373,,,
